,user_id,group,decision_rank,decision,left_age,right_age,left_dependents,right_dependents,left_drinking,right_drinking
0,0,nocf,1,1,0,1,0,0,0,0
1,0,nocf,2,1,0,2,0,0,0,0
2,0,nocf,3,0,1,1,0,0,0,1
3,1,nocf,1,0,0,1,0,0,0,0
4,0,nocf,4,0,4,1,0,0,0,2
5,0,nocf,5,1,2,1,0,0,2,2
6,1,nocf,2,0,0,2,0,0,0,0
7,0,nocf,6,1,1,1,0,0,2,0
8,1,nocf,3,0,1,1,0,0,0,1
9,1,nocf,4,0,4,1,0,0,0,2
10,2,cf,1,0,0,1,0,0,0,0
11,1,nocf,6,1,1,1,0,0,2,0
12,3,cf,1,0,0,1,0,0,0,0
13,2,cf,3,2,1,1,0,0,0,1
14,1,nocf,11,1,2,0,2,0,2,0
15,0,nocf,9,1,1,1,1,2,1,2
16,2,cf,5,1,2,1,0,0,2,2
17,4,cf,1,2,0,1,0,0,0,0
18,1,nocf,13,1,1,1,1,2,0,0
19,1,nocf,14,0,1,1,2,2,1,2
20,0,nocf,11,1,2,0,2,0,2,0
21,3,cf,4,1,4,1,0,0,0,2
22,4,cf,2,2,0,2,0,0,0,0
23,0,nocf,13,1,1,1,1,2,0,0
24,5,cf,1,2,0,1,0,0,0,0
25,2,cf,8,0,1,1,0,0,2,0
26,0,nocf,14,0,1,1,2,2,1,2
27,6,nocf,2,0,0,2,0,0,0,0
28,4,cf,3,0,1,1,0,0,0,1
29,7,nocf,1,1,0,1,0,0,0,0
30,2,cf,10,2,1,1,1,2,2,2
31,3,cf,7,1,2,2,0,2,2,2
32,8,nocf,2,0,0,2,0,0,0,0
33,4,cf,4,2,4,1,0,0,0,2
34,2,cf,11,1,2,0,2,0,2,0
35,4,cf,5,2,2,1,0,0,2,2
36,7,nocf,2,0,0,2,0,0,0,0
37,8,nocf,3,0,1,1,0,0,0,1
38,3,cf,8,0,1,1,0,0,2,0
39,2,cf,13,2,1,1,1,2,0,0
40,6,nocf,6,1,1,1,0,0,2,0
41,4,cf,6,1,1,1,0,0,2,0
42,9,nocf,2,0,0,2,0,0,0,0
43,10,cf,1,0,0,1,0,0,0,0
44,9,nocf,3,0,1,1,0,0,0,1
45,10,cf,2,0,0,2,0,0,0,0
46,3,cf,9,0,1,1,1,2,1,2
47,4,cf,7,1,2,2,0,2,2,2
48,9,nocf,4,1,4,1,0,0,0,2
49,6,nocf,8,0,1,1,0,0,2,0
50,11,nocf,4,1,4,1,0,0,0,2
51,3,cf,10,1,1,1,1,2,2,2
52,7,nocf,4,1,4,1,0,0,0,2
53,9,nocf,5,1,2,1,0,0,2,2
54,12,cf,3,2,1,1,0,0,0,1
55,0,nocf,7,1,2,2,0,2,2,2
56,1,nocf,5,1,2,1,0,0,2,2
57,1,nocf,7,1,2,2,0,2,2,2
58,2,cf,2,0,0,2,0,0,0,0
59,1,nocf,8,0,1,1,0,0,2,0
60,1,nocf,9,1,1,1,1,2,1,2
61,1,nocf,10,1,1,1,1,2,2,2
62,3,cf,2,0,0,2,0,0,0,0
63,0,nocf,8,0,1,1,0,0,2,0
64,2,cf,4,1,4,1,0,0,0,2
65,1,nocf,12,0,1,2,2,0,0,0
66,3,cf,3,0,1,1,0,0,0,1
67,0,nocf,10,1,1,1,1,2,2,2
68,2,cf,6,1,1,1,0,0,2,0
69,0,nocf,12,0,1,2,2,0,0,0
70,1,nocf,15,1,1,0,2,0,0,0
71,2,cf,7,1,2,2,0,2,2,2
72,6,nocf,1,0,0,1,0,0,0,0
73,11,nocf,1,0,0,1,0,0,0,0
74,3,cf,5,1,2,1,0,0,2,2
75,8,nocf,1,1,0,1,0,0,0,0
76,0,nocf,15,0,1,0,2,0,0,0
77,2,cf,9,2,1,1,1,2,1,2
78,6,nocf,3,0,1,1,0,0,0,1
79,3,cf,6,1,1,1,0,0,2,0
80,6,nocf,4,0,4,1,0,0,0,2
81,12,cf,1,0,0,1,0,0,0,0
82,6,nocf,5,1,2,1,0,0,2,2
83,2,cf,12,0,1,2,2,0,0,0
84,9,nocf,1,0,0,1,0,0,0,0
85,12,cf,2,0,0,2,0,0,0,0
86,11,nocf,2,0,0,2,0,0,0,0
87,11,nocf,3,0,1,1,0,0,0,1
88,7,nocf,3,0,1,1,0,0,0,1
89,2,cf,14,0,1,1,2,2,1,2
90,6,nocf,7,1,2,2,0,2,2,2
91,13,cf,1,0,0,1,0,0,0,0
92,10,cf,3,0,1,1,0,0,0,1
93,4,cf,8,2,1,1,0,0,2,0
94,10,cf,4,1,4,1,0,0,0,2
95,11,nocf,5,1,2,1,0,0,2,2
96,3,cf,11,1,2,0,2,0,2,0
97,14,cf,1,0,0,1,0,0,0,0
98,9,nocf,7,1,2,2,0,2,2,2
99,8,nocf,5,1,2,1,0,0,2,2
100,6,nocf,10,0,1,1,1,2,2,2
101,11,nocf,6,1,1,1,0,0,2,0
102,8,nocf,4,1,4,1,0,0,0,2
103,13,cf,2,0,0,2,0,0,0,0
104,9,nocf,6,1,1,1,0,0,2,0
105,6,nocf,9,0,1,1,1,2,1,2
106,4,cf,9,2,1,1,1,2,1,2
107,10,cf,5,1,2,1,0,0,2,2
108,13,cf,3,0,1,1,0,0,0,1
109,12,cf,4,1,4,1,0,0,0,2
110,10,cf,6,1,1,1,0,0,2,0
111,4,cf,10,2,1,1,1,2,2,2
112,3,cf,12,0,1,2,2,0,0,0
113,6,nocf,11,1,2,0,2,0,2,0
114,14,cf,2,0,0,2,0,0,0,0
115,10,cf,7,1,2,2,0,2,2,2
116,6,nocf,12,0,1,2,2,0,0,0
117,2,cf,15,0,1,0,2,0,0,0
118,8,nocf,6,1,1,1,0,0,2,0
119,7,nocf,6,1,1,1,0,0,2,0
120,6,nocf,13,1,1,1,1,2,0,0
121,9,nocf,10,1,1,1,1,2,2,2
122,6,nocf,14,0,1,1,2,2,1,2
123,10,cf,9,0,1,1,1,2,1,2
124,14,cf,3,0,1,1,0,0,0,1
125,4,cf,13,2,1,1,1,2,0,0
126,3,cf,15,0,1,0,2,0,0,0
127,6,nocf,15,0,1,0,2,0,0,0
128,10,cf,10,2,1,1,1,2,2,2
129,9,nocf,12,0,1,2,2,0,0,0
130,12,cf,6,2,1,1,0,0,2,0
131,13,cf,5,2,2,1,0,0,2,2
132,4,cf,15,0,1,0,2,0,0,0
133,12,cf,7,1,2,2,0,2,2,2
134,13,cf,7,1,2,2,0,2,2,2
135,9,nocf,15,1,1,0,2,0,0,0
136,10,cf,14,0,1,1,2,2,1,2
137,14,cf,6,1,1,1,0,0,2,0
138,11,nocf,10,1,1,1,1,2,2,2
139,8,nocf,9,0,1,1,1,2,1,2
140,15,cf,1,2,0,1,0,0,0,0
141,10,cf,15,1,1,0,2,0,0,0
142,14,cf,7,1,2,2,0,2,2,2
143,11,nocf,11,1,2,0,2,0,2,0
144,16,cf,1,0,0,1,0,0,0,0
145,8,nocf,10,1,1,1,1,2,2,2
146,13,cf,9,0,1,1,1,2,1,2
147,11,nocf,12,0,1,2,2,0,0,0
148,13,cf,11,1,2,0,2,0,2,0
149,7,nocf,5,0,2,1,0,0,2,2
150,9,nocf,8,0,1,1,0,0,2,0
151,4,cf,11,2,2,0,2,0,2,0
152,11,nocf,7,1,2,2,0,2,2,2
153,3,cf,13,1,1,1,1,2,0,0
154,9,nocf,9,0,1,1,1,2,1,2
155,12,cf,5,1,2,1,0,0,2,2
156,13,cf,4,1,4,1,0,0,0,2
157,10,cf,8,1,1,1,0,0,2,0
158,4,cf,12,0,1,2,2,0,0,0
159,3,cf,14,0,1,1,2,2,1,2
160,9,nocf,11,1,2,0,2,0,2,0
161,4,cf,14,2,1,1,2,2,1,2
162,7,nocf,7,1,2,2,0,2,2,2
163,14,cf,4,1,4,1,0,0,0,2
164,8,nocf,7,0,2,2,0,2,2,2
165,11,nocf,8,0,1,1,0,0,2,0
166,10,cf,11,1,2,0,2,0,2,0
167,9,nocf,13,1,1,1,1,2,0,0
168,13,cf,6,1,1,1,0,0,2,0
169,10,cf,12,0,1,2,2,0,0,0
170,11,nocf,9,0,1,1,1,2,1,2
171,9,nocf,14,0,1,1,2,2,1,2
172,14,cf,5,1,2,1,0,0,2,2
173,8,nocf,8,0,1,1,0,0,2,0
174,7,nocf,8,0,1,1,0,0,2,0
175,10,cf,13,2,1,1,1,2,0,0
176,17,cf,1,0,0,1,0,0,0,0
177,13,cf,8,0,1,1,0,0,2,0
178,17,cf,2,0,0,2,0,0,0,0
179,7,nocf,9,0,1,1,1,2,1,2
180,12,cf,8,0,1,1,0,0,2,0
181,17,cf,3,0,1,1,0,0,0,1
182,18,cf,1,2,0,1,0,0,0,0
183,13,cf,10,1,1,1,1,2,2,2
184,14,cf,8,0,1,1,0,0,2,0
185,7,nocf,10,1,1,1,1,2,2,2
186,8,nocf,11,1,2,0,2,0,2,0
187,17,cf,4,1,4,1,0,0,0,2
188,15,cf,2,2,0,2,0,0,0,0
189,11,nocf,13,1,1,1,1,2,0,0
190,8,nocf,12,0,1,2,2,0,0,0
191,13,cf,12,0,1,2,2,0,0,0
192,11,nocf,14,0,1,1,2,2,1,2
193,7,nocf,11,0,2,0,2,0,2,0
194,13,cf,13,1,1,1,1,2,0,0
195,14,cf,10,1,1,1,1,2,2,2
196,12,cf,9,2,1,1,1,2,1,2
197,14,cf,9,2,1,1,1,2,1,2
198,17,cf,5,1,2,1,0,0,2,2
199,12,cf,10,2,1,1,1,2,2,2
200,8,nocf,13,1,1,1,1,2,0,0
201,11,nocf,15,0,1,0,2,0,0,0
202,17,cf,6,1,1,1,0,0,2,0
203,8,nocf,14,0,1,1,2,2,1,2
204,18,cf,2,0,0,2,0,0,0,0
205,12,cf,11,1,2,0,2,0,2,0
206,13,cf,15,2,1,0,2,0,0,0
207,8,nocf,15,0,1,0,2,0,0,0
208,15,cf,4,1,4,1,0,0,0,2
209,19,nocf,2,0,0,2,0,0,0,0
210,17,cf,8,1,1,1,0,0,2,0
211,15,cf,5,2,2,1,0,0,2,2
212,17,cf,9,1,1,1,1,2,1,2
213,7,nocf,14,0,1,1,2,2,1,2
214,7,nocf,15,0,1,0,2,0,0,0
215,5,cf,6,1,1,1,0,0,2,0
216,15,cf,3,0,1,1,0,0,0,1
217,5,cf,2,0,0,2,0,0,0,0
218,13,cf,14,0,1,1,2,2,1,2
219,7,nocf,12,0,1,2,2,0,0,0
220,17,cf,7,1,2,2,0,2,2,2
221,14,cf,11,1,2,0,2,0,2,0
222,18,cf,3,2,1,1,0,0,0,1
223,19,nocf,1,0,0,1,0,0,0,0
224,14,cf,12,0,1,2,2,0,0,0
225,5,cf,3,0,1,1,0,0,0,1
226,7,nocf,13,1,1,1,1,2,0,0
227,12,cf,12,0,1,2,2,0,0,0
228,14,cf,13,1,1,1,1,2,0,0
229,5,cf,4,1,4,1,0,0,0,2
230,14,cf,14,0,1,1,2,2,1,2
231,5,cf,5,2,2,1,0,0,2,2
232,16,cf,2,0,0,2,0,0,0,0
233,12,cf,13,2,1,1,1,2,0,0
234,18,cf,4,1,4,1,0,0,0,2
235,17,cf,10,1,1,1,1,2,2,2
236,12,cf,14,2,1,1,2,2,1,2
237,5,cf,7,2,2,2,0,2,2,2
238,18,cf,5,2,2,1,0,0,2,2
239,14,cf,15,2,1,0,2,0,0,0
240,15,cf,6,1,1,1,0,0,2,0
241,16,cf,3,0,1,1,0,0,0,1
242,5,cf,8,2,1,1,0,0,2,0
243,20,cf,1,2,0,1,0,0,0,0
244,16,cf,4,1,4,1,0,0,0,2
245,17,cf,11,1,2,0,2,0,2,0
246,21,nocf,1,0,0,1,0,0,0,0
247,15,cf,7,1,2,2,0,2,2,2
248,12,cf,15,2,1,0,2,0,0,0
249,18,cf,6,1,1,1,0,0,2,0
250,5,cf,9,0,1,1,1,2,1,2
251,19,nocf,3,0,1,1,0,0,0,1
252,21,nocf,2,0,0,2,0,0,0,0
253,17,cf,12,0,1,2,2,0,0,0
254,16,cf,5,1,2,1,0,0,2,2
255,5,cf,10,2,1,1,1,2,2,2
256,21,nocf,3,0,1,1,0,0,0,1
257,18,cf,7,2,2,2,0,2,2,2
258,20,cf,2,2,0,2,0,0,0,0
259,19,nocf,4,1,4,1,0,0,0,2
260,17,cf,13,1,1,1,1,2,0,0
261,16,cf,6,1,1,1,0,0,2,0
262,21,nocf,4,0,4,1,0,0,0,2
263,5,cf,11,1,2,0,2,0,2,0
264,15,cf,8,2,1,1,0,0,2,0
265,21,nocf,5,1,2,1,0,0,2,2
266,20,cf,3,0,1,1,0,0,0,1
267,21,nocf,6,1,1,1,0,0,2,0
268,19,nocf,7,1,2,2,0,2,2,2
269,19,nocf,8,1,1,1,0,0,2,0
270,18,cf,9,2,1,1,1,2,1,2
271,19,nocf,9,0,1,1,1,2,1,2
272,21,nocf,9,0,1,1,1,2,1,2
273,5,cf,14,0,1,1,2,2,1,2
274,5,cf,15,1,1,0,2,0,0,0
275,16,cf,10,1,1,1,1,2,2,2
276,19,nocf,11,1,2,0,2,0,2,0
277,19,nocf,12,0,1,2,2,0,0,0
278,16,cf,11,1,2,0,2,0,2,0
279,19,nocf,13,1,1,1,1,2,0,0
280,16,cf,12,0,1,2,2,0,0,0
281,21,nocf,13,1,1,1,1,2,0,0
282,16,cf,13,1,1,1,1,2,0,0
283,19,nocf,15,1,1,0,2,0,0,0
284,21,nocf,14,0,1,1,2,2,1,2
285,20,cf,7,1,2,2,0,2,2,2
286,18,cf,12,0,1,2,2,0,0,0
287,22,cf,1,2,0,1,0,0,0,0
288,18,cf,13,2,1,1,1,2,0,0
289,16,cf,15,2,1,0,2,0,0,0
290,15,cf,13,1,1,1,1,2,0,0
291,23,cf,1,1,0,1,0,0,0,0
292,22,cf,2,0,0,2,0,0,0,0
293,24,cf,1,2,0,1,0,0,0,0
294,20,cf,9,0,1,1,1,2,1,2
295,22,cf,4,0,4,1,0,0,0,2
296,25,cf,1,0,0,1,0,0,0,0
297,22,cf,5,1,2,1,0,0,2,2
298,26,cf,2,0,0,2,0,0,0,0
299,22,cf,7,2,2,2,0,2,2,2
300,26,cf,3,1,1,1,0,0,0,1
301,24,cf,4,1,4,1,0,0,0,2
302,24,cf,6,2,1,1,0,0,2,0
303,26,cf,4,1,4,1,0,0,0,2
304,23,cf,6,1,1,1,0,0,2,0
305,24,cf,8,2,1,1,0,0,2,0
306,27,nocf,2,0,0,2,0,0,0,0
307,28,cf,3,0,1,1,0,0,0,1
308,25,cf,5,2,2,1,0,0,2,2
309,26,cf,5,1,2,1,0,0,2,2
310,17,cf,14,0,1,1,2,2,1,2
311,19,nocf,5,1,2,1,0,0,2,2
312,16,cf,7,1,2,2,0,2,2,2
313,19,nocf,6,1,1,1,0,0,2,0
314,5,cf,12,2,1,2,2,0,0,0
315,17,cf,15,0,1,0,2,0,0,0
316,18,cf,8,0,1,1,0,0,2,0
317,21,nocf,7,1,2,2,0,2,2,2
318,16,cf,8,0,1,1,0,0,2,0
319,5,cf,13,0,1,1,1,2,0,0
320,15,cf,9,1,1,1,1,2,1,2
321,21,nocf,8,0,1,1,0,0,2,0
322,20,cf,4,0,4,1,0,0,0,2
323,16,cf,9,2,1,1,1,2,1,2
324,15,cf,10,1,1,1,1,2,2,2
325,18,cf,10,2,1,1,1,2,2,2
326,19,nocf,10,1,1,1,1,2,2,2
327,21,nocf,10,1,1,1,1,2,2,2
328,20,cf,5,2,2,1,0,0,2,2
329,21,nocf,11,0,2,0,2,0,2,0
330,21,nocf,12,0,1,2,2,0,0,0
331,20,cf,6,1,1,1,0,0,2,0
332,19,nocf,14,0,1,1,2,2,1,2
333,15,cf,11,0,2,0,2,0,2,0
334,18,cf,11,2,2,0,2,0,2,0
335,21,nocf,15,0,1,0,2,0,0,0
336,16,cf,14,0,1,1,2,2,1,2
337,15,cf,12,0,1,2,2,0,0,0
338,20,cf,8,0,1,1,0,0,2,0
339,18,cf,14,0,1,1,2,2,1,2
340,22,cf,3,0,1,1,0,0,0,1
341,15,cf,14,0,1,1,2,2,1,2
342,23,cf,2,0,0,2,0,0,0,0
343,18,cf,15,2,1,0,2,0,0,0
344,26,cf,1,2,0,1,0,0,0,0
345,24,cf,2,2,0,2,0,0,0,0
346,20,cf,10,2,1,1,1,2,2,2
347,22,cf,6,1,1,1,0,0,2,0
348,24,cf,3,2,1,1,0,0,0,1
349,23,cf,3,0,1,1,0,0,0,1
350,15,cf,15,0,1,0,2,0,0,0
351,25,cf,2,0,0,2,0,0,0,0
352,20,cf,11,1,2,0,2,0,2,0
353,28,cf,1,0,0,1,0,0,0,0
354,25,cf,3,0,1,1,0,0,0,1
355,23,cf,4,1,4,1,0,0,0,2
356,22,cf,8,0,1,1,0,0,2,0
357,24,cf,5,2,2,1,0,0,2,2
358,20,cf,12,0,1,2,2,0,0,0
359,28,cf,2,0,0,2,0,0,0,0
360,25,cf,4,0,4,1,0,0,0,2
361,23,cf,5,1,2,1,0,0,2,2
362,27,nocf,1,0,0,1,0,0,0,0
363,24,cf,7,2,2,2,0,2,2,2
364,22,cf,9,0,1,1,1,2,1,2
365,22,cf,10,0,1,1,1,2,2,2
366,20,cf,13,2,1,1,1,2,0,0
367,22,cf,11,1,2,0,2,0,2,0
368,27,nocf,3,0,1,1,0,0,0,1
369,23,cf,7,1,2,2,0,2,2,2
370,20,cf,14,0,1,1,2,2,1,2
371,25,cf,7,1,2,2,0,2,2,2
372,24,cf,12,2,1,2,2,0,0,0
373,27,nocf,5,1,2,1,0,0,2,2
374,22,cf,14,2,1,1,2,2,1,2
375,20,cf,15,0,1,0,2,0,0,0
376,26,cf,7,1,2,2,0,2,2,2
377,29,nocf,1,1,0,1,0,0,0,0
378,27,nocf,8,0,1,1,0,0,2,0
379,25,cf,9,0,1,1,1,2,1,2
380,23,cf,9,0,1,1,1,2,1,2
381,30,cf,1,0,0,1,0,0,0,0
382,27,nocf,9,1,1,1,1,2,1,2
383,25,cf,10,1,1,1,1,2,2,2
384,28,cf,7,2,2,2,0,2,2,2
385,29,nocf,5,1,2,1,0,0,2,2
386,25,cf,11,0,2,0,2,0,2,0
387,29,nocf,6,1,1,1,0,0,2,0
388,31,nocf,1,0,0,1,0,0,0,0
389,30,cf,3,0,1,1,0,0,0,1
390,26,cf,10,2,1,1,1,2,2,2
391,31,nocf,2,0,0,2,0,0,0,0
392,27,nocf,15,0,1,0,2,0,0,0
393,30,cf,4,0,4,1,0,0,0,2
394,26,cf,11,1,2,0,2,0,2,0
395,32,cf,1,0,0,1,0,0,0,0
396,29,nocf,8,0,1,1,0,0,2,0
397,32,cf,2,0,0,2,0,0,0,0
398,28,cf,10,2,1,1,1,2,2,2
399,25,cf,15,0,1,0,2,0,0,0
400,23,cf,13,0,1,1,1,2,0,0
401,26,cf,13,2,1,1,1,2,0,0
402,23,cf,14,0,1,1,2,2,1,2
403,26,cf,14,0,1,1,2,2,1,2
404,24,cf,9,2,1,1,1,2,1,2
405,22,cf,12,0,1,2,2,0,0,0
406,25,cf,6,1,1,1,0,0,2,0
407,24,cf,10,2,1,1,1,2,2,2
408,26,cf,6,1,1,1,0,0,2,0
409,27,nocf,4,1,4,1,0,0,0,2
410,28,cf,4,1,4,1,0,0,0,2
411,24,cf,11,2,2,0,2,0,2,0
412,22,cf,13,2,1,1,1,2,0,0
413,24,cf,13,2,1,1,1,2,0,0
414,27,nocf,6,1,1,1,0,0,2,0
415,24,cf,14,2,1,1,2,2,1,2
416,23,cf,8,0,1,1,0,0,2,0
417,25,cf,8,2,1,1,0,0,2,0
418,22,cf,15,2,1,0,2,0,0,0
419,28,cf,5,1,2,1,0,0,2,2
420,27,nocf,7,1,2,2,0,2,2,2
421,24,cf,15,2,1,0,2,0,0,0
422,29,nocf,2,0,0,2,0,0,0,0
423,26,cf,8,0,1,1,0,0,2,0
424,28,cf,6,1,1,1,0,0,2,0
425,29,nocf,3,0,1,1,0,0,0,1
426,26,cf,9,0,1,1,1,2,1,2
427,27,nocf,10,1,1,1,1,2,2,2
428,29,nocf,4,1,4,1,0,0,0,2
429,27,nocf,11,0,2,0,2,0,2,0
430,30,cf,2,0,0,2,0,0,0,0
431,27,nocf,12,0,1,2,2,0,0,0
432,23,cf,10,0,1,1,1,2,2,2
433,27,nocf,13,1,1,1,1,2,0,0
434,28,cf,8,2,1,1,0,0,2,0
435,27,nocf,14,0,1,1,2,2,1,2
436,25,cf,12,0,1,2,2,0,0,0
437,23,cf,11,0,2,0,2,0,2,0
438,29,nocf,7,1,2,2,0,2,2,2
439,25,cf,13,1,1,1,1,2,0,0
440,23,cf,12,0,1,2,2,0,0,0
441,25,cf,14,0,1,1,2,2,1,2
442,28,cf,9,2,1,1,1,2,1,2
443,26,cf,12,0,1,2,2,0,0,0
444,30,cf,5,1,2,1,0,0,2,2
445,31,nocf,3,0,1,1,0,0,0,1
446,29,nocf,9,1,1,1,1,2,1,2
447,32,cf,3,0,1,1,0,0,0,1
448,28,cf,11,1,2,0,2,0,2,0
449,30,cf,6,1,1,1,0,0,2,0
450,32,cf,4,1,4,1,0,0,0,2
451,29,nocf,10,1,1,1,1,2,2,2
452,33,cf,1,0,0,1,0,0,0,0
453,31,nocf,4,1,4,1,0,0,0,2
454,32,cf,6,1,1,1,0,0,2,0
455,28,cf,13,2,1,1,1,2,0,0
456,33,cf,2,0,0,2,0,0,0,0
457,28,cf,14,2,1,1,2,2,1,2
458,31,nocf,6,1,1,1,0,0,2,0
459,32,cf,9,0,1,1,1,2,1,2
460,31,nocf,7,1,2,2,0,2,2,2
461,32,cf,10,1,1,1,1,2,2,2
462,34,cf,2,0,0,2,0,0,0,0
463,35,cf,1,0,0,1,0,0,0,0
464,36,cf,1,0,0,1,0,0,0,0
465,34,cf,3,0,1,1,0,0,0,1
466,32,cf,12,0,1,2,2,0,0,0
467,30,cf,11,1,2,0,2,0,2,0
468,33,cf,4,1,4,1,0,0,0,2
469,30,cf,12,0,1,2,2,0,0,0
470,36,cf,5,2,2,1,0,0,2,2
471,32,cf,15,1,1,0,2,0,0,0
472,35,cf,4,1,4,1,0,0,0,2
473,33,cf,5,1,2,1,0,0,2,2
474,28,cf,12,0,1,2,2,0,0,0
475,23,cf,15,0,1,0,2,0,0,0
476,32,cf,5,1,2,1,0,0,2,2
477,30,cf,7,1,2,2,0,2,2,2
478,26,cf,15,2,1,0,2,0,0,0
479,29,nocf,11,0,2,0,2,0,2,0
480,31,nocf,5,1,2,1,0,0,2,2
481,32,cf,7,1,2,2,0,2,2,2
482,29,nocf,12,0,1,2,2,0,0,0
483,32,cf,8,0,1,1,0,0,2,0
484,30,cf,8,1,1,1,0,0,2,0
485,28,cf,15,1,1,0,2,0,0,0
486,29,nocf,13,1,1,1,1,2,0,0
487,34,cf,1,0,0,1,0,0,0,0
488,30,cf,9,0,1,1,1,2,1,2
489,29,nocf,14,0,1,1,2,2,1,2
490,32,cf,11,1,2,0,2,0,2,0
491,30,cf,10,1,1,1,1,2,2,2
492,33,cf,3,1,1,1,0,0,0,1
493,31,nocf,8,0,1,1,0,0,2,0
494,29,nocf,15,0,1,0,2,0,0,0
495,35,cf,2,0,0,2,0,0,0,0
496,36,cf,2,2,0,2,0,0,0,0
497,34,cf,4,2,4,1,0,0,0,2
498,32,cf,13,1,1,1,1,2,0,0
499,36,cf,3,2,1,1,0,0,0,1
500,35,cf,3,2,1,1,0,0,0,1
501,32,cf,14,0,1,1,2,2,1,2
502,36,cf,4,2,4,1,0,0,0,2
503,34,cf,5,1,2,1,0,0,2,2
504,36,cf,6,2,1,1,0,0,2,0
505,36,cf,7,2,2,2,0,2,2,2
506,30,cf,13,1,1,1,1,2,0,0
507,36,cf,8,2,1,1,0,0,2,0
508,37,nocf,1,1,0,1,0,0,0,0
509,34,cf,6,1,1,1,0,0,2,0
510,31,nocf,9,1,1,1,1,2,1,2
511,36,cf,9,1,1,1,1,2,1,2
512,30,cf,14,0,1,1,2,2,1,2
513,33,cf,6,1,1,1,0,0,2,0
514,35,cf,5,1,2,1,0,0,2,2
515,34,cf,7,1,2,2,0,2,2,2
516,36,cf,10,0,1,1,1,2,2,2
517,36,cf,11,1,2,0,2,0,2,0
518,37,nocf,2,0,0,2,0,0,0,0
519,34,cf,8,0,1,1,0,0,2,0
520,30,cf,15,0,1,0,2,0,0,0
521,33,cf,7,1,2,2,0,2,2,2
522,31,nocf,10,1,1,1,1,2,2,2
523,34,cf,10,1,1,1,1,2,2,2
524,35,cf,7,1,2,2,0,2,2,2
525,36,cf,13,1,1,1,1,2,0,0
526,33,cf,8,0,1,1,0,0,2,0
527,37,nocf,3,0,1,1,0,0,0,1
528,36,cf,14,0,1,1,2,2,1,2
529,33,cf,9,1,1,1,1,2,1,2
530,34,cf,11,0,2,0,2,0,2,0
531,36,cf,15,0,1,0,2,0,0,0
532,38,cf,1,2,0,1,0,0,0,0
533,37,nocf,4,1,4,1,0,0,0,2
534,34,cf,12,0,1,2,2,0,0,0
535,33,cf,10,1,1,1,1,2,2,2
536,38,cf,2,0,0,2,0,0,0,0
537,34,cf,13,1,1,1,1,2,0,0
538,34,cf,14,0,1,1,2,2,1,2
539,33,cf,11,0,2,0,2,0,2,0
540,39,cf,1,0,0,1,0,0,0,0
541,37,nocf,7,1,2,2,0,2,2,2
542,37,nocf,8,0,1,1,0,0,2,0
543,40,nocf,1,1,0,1,0,0,0,0
544,39,cf,3,2,1,1,0,0,0,1
545,33,cf,13,1,1,1,1,2,0,0
546,39,cf,5,2,2,1,0,0,2,2
547,37,nocf,11,1,2,0,2,0,2,0
548,35,cf,13,1,1,1,1,2,0,0
549,33,cf,15,0,1,0,2,0,0,0
550,31,nocf,11,0,2,0,2,0,2,0
551,31,nocf,12,0,1,2,2,0,0,0
552,35,cf,15,2,1,0,2,0,0,0
553,40,nocf,2,1,0,2,0,0,0,0
554,37,nocf,13,1,1,1,1,2,0,0
555,31,nocf,13,1,1,1,1,2,0,0
556,38,cf,6,1,1,1,0,0,2,0
557,37,nocf,14,0,1,1,2,2,1,2
558,40,nocf,3,0,1,1,0,0,0,1
559,39,cf,9,0,1,1,1,2,1,2
560,41,cf,1,2,0,1,0,0,0,0
561,39,cf,10,2,1,1,1,2,2,2
562,40,nocf,4,0,4,1,0,0,0,2
563,38,cf,8,2,1,1,0,0,2,0
564,31,nocf,14,0,1,1,2,2,1,2
565,39,cf,11,0,2,0,2,0,2,0
566,41,cf,3,0,1,1,0,0,0,1
567,41,cf,4,1,4,1,0,0,0,2
568,35,cf,6,1,1,1,0,0,2,0
569,36,cf,12,1,1,2,2,0,0,0
570,34,cf,9,0,1,1,1,2,1,2
571,35,cf,8,0,1,1,0,0,2,0
572,35,cf,9,0,1,1,1,2,1,2
573,37,nocf,5,1,2,1,0,0,2,2
574,37,nocf,6,1,1,1,0,0,2,0
575,34,cf,15,1,1,0,2,0,0,0
576,35,cf,10,1,1,1,1,2,2,2
577,38,cf,3,2,1,1,0,0,0,1
578,33,cf,12,0,1,2,2,0,0,0
579,39,cf,2,2,0,2,0,0,0,0
580,35,cf,11,1,2,0,2,0,2,0
581,37,nocf,9,0,1,1,1,2,1,2
582,38,cf,4,1,4,1,0,0,0,2
583,39,cf,4,0,4,1,0,0,0,2
584,37,nocf,10,1,1,1,1,2,2,2
585,35,cf,12,0,1,2,2,0,0,0
586,33,cf,14,1,1,1,2,2,1,2
587,39,cf,6,2,1,1,0,0,2,0
588,35,cf,14,0,1,1,2,2,1,2
589,37,nocf,12,0,1,2,2,0,0,0
590,38,cf,5,1,2,1,0,0,2,2
591,39,cf,7,2,2,2,0,2,2,2
592,39,cf,8,2,1,1,0,0,2,0
593,38,cf,7,1,2,2,0,2,2,2
594,37,nocf,15,0,1,0,2,0,0,0
595,41,cf,2,0,0,2,0,0,0,0
596,39,cf,12,2,1,2,2,0,0,0
597,40,nocf,5,0,2,1,0,0,2,2
598,31,nocf,15,0,1,0,2,0,0,0
599,39,cf,13,1,1,1,1,2,0,0
600,38,cf,9,2,1,1,1,2,1,2
601,41,cf,5,2,2,1,0,0,2,2
602,40,nocf,6,1,1,1,0,0,2,0
603,38,cf,10,2,1,1,1,2,2,2
604,39,cf,15,0,1,0,2,0,0,0
605,40,nocf,7,1,2,2,0,2,2,2
606,38,cf,11,1,2,0,2,0,2,0
607,41,cf,9,2,1,1,1,2,1,2
608,40,nocf,8,1,1,1,0,0,2,0
609,41,cf,11,1,2,0,2,0,2,0
610,41,cf,12,0,1,2,2,0,0,0
611,40,nocf,9,0,1,1,1,2,1,2
612,42,nocf,1,1,0,1,0,0,0,0
613,42,nocf,2,0,0,2,0,0,0,0
614,43,cf,1,2,0,1,0,0,0,0
615,39,cf,14,0,1,1,2,2,1,2
616,41,cf,6,1,1,1,0,0,2,0
617,41,cf,7,2,2,2,0,2,2,2
618,41,cf,8,0,1,1,0,0,2,0
619,38,cf,12,0,1,2,2,0,0,0
620,41,cf,10,2,1,1,1,2,2,2
621,38,cf,13,2,1,1,1,2,0,0
622,38,cf,14,2,1,1,2,2,1,2
623,41,cf,13,2,1,1,1,2,0,0
624,38,cf,15,0,1,0,2,0,0,0
625,41,cf,14,2,1,1,2,2,1,2
626,40,nocf,10,1,1,1,1,2,2,2
627,41,cf,15,2,1,0,2,0,0,0
628,43,cf,2,0,0,2,0,0,0,0
629,42,nocf,4,1,4,1,0,0,0,2
630,40,nocf,11,1,2,0,2,0,2,0
631,43,cf,3,0,1,1,0,0,0,1
632,42,nocf,5,1,2,1,0,0,2,2
633,43,cf,4,0,4,1,0,0,0,2
634,44,nocf,2,0,0,2,0,0,0,0
635,42,nocf,6,1,1,1,0,0,2,0
636,44,nocf,3,0,1,1,0,0,0,1
637,42,nocf,7,0,2,2,0,2,2,2
638,43,cf,7,1,2,2,0,2,2,2
639,42,nocf,8,1,1,1,0,0,2,0
640,40,nocf,13,1,1,1,1,2,0,0
641,42,nocf,9,0,1,1,1,2,1,2
642,45,nocf,1,0,0,1,0,0,0,0
643,42,nocf,10,0,1,1,1,2,2,2
644,40,nocf,14,0,1,1,2,2,1,2
645,42,nocf,11,1,2,0,2,0,2,0
646,43,cf,9,2,1,1,1,2,1,2
647,46,nocf,4,0,4,1,0,0,0,2
648,40,nocf,15,0,1,0,2,0,0,0
649,44,nocf,7,1,2,2,0,2,2,2
650,42,nocf,14,0,1,1,2,2,1,2
651,46,nocf,7,1,2,2,0,2,2,2
652,45,nocf,3,0,1,1,0,0,0,1
653,44,nocf,8,1,1,1,0,0,2,0
654,47,nocf,2,0,0,2,0,0,0,0
655,44,nocf,9,0,1,1,1,2,1,2
656,43,cf,13,1,1,1,1,2,0,0
657,45,nocf,6,1,1,1,0,0,2,0
658,46,nocf,9,0,1,1,1,2,1,2
659,43,cf,14,0,1,1,2,2,1,2
660,48,nocf,1,1,0,1,0,0,0,0
661,44,nocf,10,1,1,1,1,2,2,2
662,42,nocf,3,0,1,1,0,0,0,1
663,44,nocf,1,0,0,1,0,0,0,0
664,40,nocf,12,0,1,2,2,0,0,0
665,43,cf,5,1,2,1,0,0,2,2
666,43,cf,6,1,1,1,0,0,2,0
667,44,nocf,4,0,4,1,0,0,0,2
668,46,nocf,1,0,0,1,0,0,0,0
669,46,nocf,2,0,0,2,0,0,0,0
670,44,nocf,5,1,2,1,0,0,2,2
671,43,cf,8,0,1,1,0,0,2,0
672,46,nocf,3,0,1,1,0,0,0,1
673,44,nocf,6,1,1,1,0,0,2,0
674,42,nocf,12,0,1,2,2,0,0,0
675,46,nocf,5,1,2,1,0,0,2,2
676,47,nocf,1,0,0,1,0,0,0,0
677,45,nocf,2,0,0,2,0,0,0,0
678,43,cf,10,1,1,1,1,2,2,2
679,42,nocf,13,0,1,1,1,2,0,0
680,46,nocf,6,1,1,1,0,0,2,0
681,42,nocf,15,1,1,0,2,0,0,0
682,43,cf,11,2,2,0,2,0,2,0
683,45,nocf,4,1,4,1,0,0,0,2
684,46,nocf,8,0,1,1,0,0,2,0
685,43,cf,12,0,1,2,2,0,0,0
686,45,nocf,5,1,2,1,0,0,2,2
687,45,nocf,7,1,2,2,0,2,2,2
688,46,nocf,10,1,1,1,1,2,2,2
689,45,nocf,8,0,1,1,0,0,2,0
690,45,nocf,9,0,1,1,1,2,1,2
691,48,nocf,2,0,0,2,0,0,0,0
692,46,nocf,14,0,1,1,2,2,1,2
693,45,nocf,11,1,2,0,2,0,2,0
694,49,nocf,2,1,0,2,0,0,0,0
695,48,nocf,4,0,4,1,0,0,0,2
696,45,nocf,13,1,1,1,1,2,0,0
697,48,nocf,5,1,2,1,0,0,2,2
698,50,cf,1,0,0,1,0,0,0,0
699,45,nocf,15,1,1,0,2,0,0,0
700,44,nocf,15,0,1,0,2,0,0,0
701,47,nocf,3,0,1,1,0,0,0,1
702,49,nocf,3,0,1,1,0,0,0,1
703,48,nocf,8,0,1,1,0,0,2,0
704,49,nocf,4,1,4,1,0,0,0,2
705,47,nocf,4,1,4,1,0,0,0,2
706,47,nocf,5,1,2,1,0,0,2,2
707,48,nocf,10,1,1,1,1,2,2,2
708,48,nocf,11,0,2,0,2,0,2,0
709,43,cf,15,0,1,0,2,0,0,0
710,44,nocf,11,1,2,0,2,0,2,0
711,46,nocf,11,1,2,0,2,0,2,0
712,46,nocf,12,1,1,2,2,0,0,0
713,44,nocf,12,0,1,2,2,0,0,0
714,46,nocf,13,1,1,1,1,2,0,0
715,45,nocf,10,1,1,1,1,2,2,2
716,49,nocf,1,1,0,1,0,0,0,0
717,48,nocf,3,0,1,1,0,0,0,1
718,44,nocf,13,1,1,1,1,2,0,0
719,45,nocf,12,0,1,2,2,0,0,0
720,46,nocf,15,0,1,0,2,0,0,0
721,44,nocf,14,0,1,1,2,2,1,2
722,45,nocf,14,0,1,1,2,2,1,2
723,48,nocf,6,1,1,1,0,0,2,0
724,48,nocf,7,1,2,2,0,2,2,2
725,50,cf,2,0,0,2,0,0,0,0
726,48,nocf,9,1,1,1,1,2,1,2
727,50,cf,3,0,1,1,0,0,0,1
728,49,nocf,5,1,2,1,0,0,2,2
729,49,nocf,6,1,1,1,0,0,2,0
730,48,nocf,12,0,1,2,2,0,0,0
731,47,nocf,6,1,1,1,0,0,2,0
732,50,cf,5,1,2,1,0,0,2,2
733,48,nocf,14,0,1,1,2,2,1,2
734,49,nocf,8,0,1,1,0,0,2,0
735,51,cf,1,1,0,1,0,0,0,0
736,50,cf,7,1,2,2,0,2,2,2
737,51,cf,2,1,0,2,0,0,0,0
738,47,nocf,8,0,1,1,0,0,2,0
739,47,nocf,9,0,1,1,1,2,1,2
740,51,cf,5,1,2,1,0,0,2,2
741,51,cf,6,1,1,1,0,0,2,0
742,50,cf,9,1,1,1,1,2,1,2
743,51,cf,7,1,2,2,0,2,2,2
744,52,cf,2,0,0,2,0,0,0,0
745,51,cf,8,1,1,1,0,0,2,0
746,49,nocf,11,1,2,0,2,0,2,0
747,51,cf,9,2,1,1,1,2,1,2
748,52,cf,3,0,1,1,0,0,0,1
749,51,cf,10,2,1,1,1,2,2,2
750,53,cf,1,0,0,1,0,0,0,0
751,50,cf,11,0,2,0,2,0,2,0
752,54,cf,1,2,0,1,0,0,0,0
753,51,cf,14,2,1,1,2,2,1,2
754,50,cf,13,1,1,1,1,2,0,0
755,52,cf,5,1,2,1,0,0,2,2
756,50,cf,4,1,4,1,0,0,0,2
757,49,nocf,7,1,2,2,0,2,2,2
758,48,nocf,13,1,1,1,1,2,0,0
759,50,cf,6,1,1,1,0,0,2,0
760,47,nocf,7,1,2,2,0,2,2,2
761,48,nocf,15,0,1,0,2,0,0,0
762,49,nocf,9,0,1,1,1,2,1,2
763,51,cf,3,0,1,1,0,0,0,1
764,50,cf,8,0,1,1,0,0,2,0
765,51,cf,4,0,4,1,0,0,0,2
766,52,cf,1,0,0,1,0,0,0,0
767,49,nocf,10,1,1,1,1,2,2,2
768,50,cf,10,1,1,1,1,2,2,2
769,49,nocf,12,0,1,2,2,0,0,0
770,47,nocf,10,1,1,1,1,2,2,2
771,51,cf,11,0,2,0,2,0,2,0
772,49,nocf,13,1,1,1,1,2,0,0
773,51,cf,12,1,1,2,2,0,0,0
774,47,nocf,11,1,2,0,2,0,2,0
775,49,nocf,14,0,1,1,2,2,1,2
776,52,cf,4,0,4,1,0,0,0,2
777,53,cf,2,0,0,2,0,0,0,0
778,51,cf,13,2,1,1,1,2,0,0
779,50,cf,12,0,1,2,2,0,0,0
780,55,cf,1,0,0,1,0,0,0,0
781,54,cf,2,2,0,2,0,0,0,0
782,49,nocf,15,0,1,0,2,0,0,0
783,47,nocf,12,0,1,2,2,0,0,0
784,54,cf,3,0,1,1,0,0,0,1
785,51,cf,15,0,1,0,2,0,0,0
786,53,cf,3,0,1,1,0,0,0,1
787,56,nocf,3,0,1,1,0,0,0,1
788,53,cf,4,2,4,1,0,0,0,2
789,54,cf,6,1,1,1,0,0,2,0
790,56,nocf,4,1,4,1,0,0,0,2
791,52,cf,8,0,1,1,0,0,2,0
792,54,cf,7,1,2,2,0,2,2,2
793,47,nocf,15,0,1,0,2,0,0,0
794,56,nocf,5,1,2,1,0,0,2,2
795,55,cf,5,1,2,1,0,0,2,2
796,56,nocf,6,1,1,1,0,0,2,0
797,52,cf,9,1,1,1,1,2,1,2
798,57,nocf,3,0,1,1,0,0,0,1
799,56,nocf,8,0,1,1,0,0,2,0
800,57,nocf,4,1,4,1,0,0,0,2
801,55,cf,7,1,2,2,0,2,2,2
802,58,cf,2,2,0,2,0,0,0,0
803,55,cf,2,0,0,2,0,0,0,0
804,54,cf,4,1,4,1,0,0,0,2
805,56,nocf,1,0,0,1,0,0,0,0
806,47,nocf,13,1,1,1,1,2,0,0
807,52,cf,6,1,1,1,0,0,2,0
808,50,cf,14,0,1,1,2,2,1,2
809,56,nocf,2,0,0,2,0,0,0,0
810,55,cf,3,0,1,1,0,0,0,1
811,54,cf,5,2,2,1,0,0,2,2
812,47,nocf,14,0,1,1,2,2,1,2
813,52,cf,7,1,2,2,0,2,2,2
814,50,cf,15,0,1,0,2,0,0,0
815,57,nocf,1,0,0,1,0,0,0,0
816,53,cf,5,1,2,1,0,0,2,2
817,55,cf,4,2,4,1,0,0,0,2
818,57,nocf,2,0,0,2,0,0,0,0
819,53,cf,6,1,1,1,0,0,2,0
820,54,cf,8,0,1,1,0,0,2,0
821,53,cf,7,1,2,2,0,2,2,2
822,58,cf,1,2,0,1,0,0,0,0
823,54,cf,9,1,1,1,1,2,1,2
824,56,nocf,7,1,2,2,0,2,2,2
825,55,cf,6,1,1,1,0,0,2,0
826,54,cf,10,1,1,1,1,2,2,2
827,53,cf,8,2,1,1,0,0,2,0
828,52,cf,10,1,1,1,1,2,2,2
829,54,cf,11,2,2,0,2,0,2,0
830,53,cf,9,2,1,1,1,2,1,2
831,54,cf,13,2,1,1,1,2,0,0
832,53,cf,10,2,1,1,1,2,2,2
833,54,cf,14,0,1,1,2,2,1,2
834,57,nocf,7,1,2,2,0,2,2,2
835,59,cf,3,0,1,1,0,0,0,1
836,57,nocf,8,0,1,1,0,0,2,0
837,58,cf,4,1,4,1,0,0,0,2
838,52,cf,13,0,1,1,1,2,0,0
839,57,nocf,9,0,1,1,1,2,1,2
840,57,nocf,10,1,1,1,1,2,2,2
841,55,cf,9,0,1,1,1,2,1,2
842,59,cf,5,2,2,1,0,0,2,2
843,52,cf,14,0,1,1,2,2,1,2
844,57,nocf,11,1,2,0,2,0,2,0
845,55,cf,10,1,1,1,1,2,2,2
846,52,cf,15,0,1,0,2,0,0,0
847,55,cf,11,1,2,0,2,0,2,0
848,57,nocf,13,1,1,1,1,2,0,0
849,56,nocf,10,1,1,1,1,2,2,2
850,54,cf,12,0,1,2,2,0,0,0
851,57,nocf,5,1,2,1,0,0,2,2
852,59,cf,1,0,0,1,0,0,0,0
853,55,cf,8,1,1,1,0,0,2,0
854,52,cf,11,1,2,0,2,0,2,0
855,57,nocf,6,1,1,1,0,0,2,0
856,58,cf,3,2,1,1,0,0,0,1
857,59,cf,2,0,0,2,0,0,0,0
858,53,cf,11,1,2,0,2,0,2,0
859,52,cf,12,0,1,2,2,0,0,0
860,54,cf,15,0,1,0,2,0,0,0
861,53,cf,12,0,1,2,2,0,0,0
862,53,cf,13,1,1,1,1,2,0,0
863,59,cf,4,2,4,1,0,0,0,2
864,53,cf,14,0,1,1,2,2,1,2
865,58,cf,5,2,2,1,0,0,2,2
866,59,cf,6,1,1,1,0,0,2,0
867,53,cf,15,0,1,0,2,0,0,0
868,58,cf,6,1,1,1,0,0,2,0
869,57,nocf,12,0,1,2,2,0,0,0
870,56,nocf,9,0,1,1,1,2,1,2
871,58,cf,7,2,2,2,0,2,2,2
872,59,cf,7,1,2,2,0,2,2,2
873,56,nocf,11,1,2,0,2,0,2,0
874,57,nocf,14,1,1,1,2,2,1,2
875,56,nocf,12,0,1,2,2,0,0,0
876,59,cf,8,2,1,1,0,0,2,0
877,56,nocf,13,1,1,1,1,2,0,0
878,59,cf,9,2,1,1,1,2,1,2
879,59,cf,10,2,1,1,1,2,2,2
880,56,nocf,15,1,1,0,2,0,0,0
881,59,cf,11,1,2,0,2,0,2,0
882,58,cf,9,2,1,1,1,2,1,2
883,60,nocf,1,1,0,1,0,0,0,0
884,59,cf,12,0,1,2,2,0,0,0
885,59,cf,13,2,1,1,1,2,0,0
886,55,cf,14,0,1,1,2,2,1,2
887,60,nocf,2,0,0,2,0,0,0,0
888,60,nocf,4,0,4,1,0,0,0,2
889,60,nocf,5,1,2,1,0,0,2,2
890,58,cf,11,2,2,0,2,0,2,0
891,60,nocf,6,1,1,1,0,0,2,0
892,58,cf,12,2,1,2,2,0,0,0
893,60,nocf,8,0,1,1,0,0,2,0
894,60,nocf,10,1,1,1,1,2,2,2
895,60,nocf,11,1,2,0,2,0,2,0
896,58,cf,15,2,1,0,2,0,0,0
897,55,cf,12,0,1,2,2,0,0,0
898,57,nocf,15,0,1,0,2,0,0,0
899,56,nocf,14,0,1,1,2,2,1,2
900,58,cf,8,0,1,1,0,0,2,0
901,55,cf,13,1,1,1,1,2,0,0
902,59,cf,14,0,1,1,2,2,1,2
903,60,nocf,3,0,1,1,0,0,0,1
904,59,cf,15,2,1,0,2,0,0,0
905,55,cf,15,0,1,0,2,0,0,0
906,58,cf,10,2,1,1,1,2,2,2
907,60,nocf,7,1,2,2,0,2,2,2
908,58,cf,13,2,1,1,1,2,0,0
909,60,nocf,9,0,1,1,1,2,1,2
910,58,cf,14,2,1,1,2,2,1,2
911,61,nocf,1,1,0,1,0,0,0,0
912,60,nocf,12,0,1,2,2,0,0,0
913,60,nocf,13,1,1,1,1,2,0,0
914,62,nocf,2,1,0,2,0,0,0,0
915,61,nocf,2,1,0,2,0,0,0,0
916,62,nocf,4,0,4,1,0,0,0,2
917,62,nocf,5,1,2,1,0,0,2,2
918,62,nocf,6,1,1,1,0,0,2,0
919,61,nocf,4,1,4,1,0,0,0,2
920,63,nocf,1,0,0,1,0,0,0,0
921,62,nocf,9,0,1,1,1,2,1,2
922,62,nocf,10,1,1,1,1,2,2,2
923,61,nocf,6,1,1,1,0,0,2,0
924,63,nocf,3,0,1,1,0,0,0,1
925,62,nocf,11,1,2,0,2,0,2,0
926,63,nocf,4,0,4,1,0,0,0,2
927,62,nocf,13,1,1,1,1,2,0,0
928,63,nocf,5,1,2,1,0,0,2,2
929,62,nocf,15,0,1,0,2,0,0,0
930,61,nocf,9,1,1,1,1,2,1,2
931,61,nocf,10,1,1,1,1,2,2,2
932,63,nocf,9,0,1,1,1,2,1,2
933,63,nocf,10,1,1,1,1,2,2,2
934,64,cf,1,2,0,1,0,0,0,0
935,61,nocf,12,0,1,2,2,0,0,0
936,64,cf,2,0,0,2,0,0,0,0
937,64,cf,3,0,1,1,0,0,0,1
938,63,nocf,13,1,1,1,1,2,0,0
939,62,nocf,1,1,0,1,0,0,0,0
940,60,nocf,14,0,1,1,2,2,1,2
941,62,nocf,3,0,1,1,0,0,0,1
942,60,nocf,15,0,1,0,2,0,0,0
943,61,nocf,3,0,1,1,0,0,0,1
944,62,nocf,7,1,2,2,0,2,2,2
945,62,nocf,8,0,1,1,0,0,2,0
946,61,nocf,5,1,2,1,0,0,2,2
947,63,nocf,2,0,0,2,0,0,0,0
948,62,nocf,12,0,1,2,2,0,0,0
949,61,nocf,7,1,2,2,0,2,2,2
950,61,nocf,8,0,1,1,0,0,2,0
951,62,nocf,14,0,1,1,2,2,1,2
952,63,nocf,6,1,1,1,0,0,2,0
953,63,nocf,7,1,2,2,0,2,2,2
954,63,nocf,8,0,1,1,0,0,2,0
955,61,nocf,11,0,2,0,2,0,2,0
956,63,nocf,11,0,2,0,2,0,2,0
957,63,nocf,12,0,1,2,2,0,0,0
958,61,nocf,13,1,1,1,1,2,0,0
959,63,nocf,14,0,1,1,2,2,1,2
960,64,cf,4,2,4,1,0,0,0,2
961,61,nocf,14,0,1,1,2,2,1,2
962,63,nocf,15,0,1,0,2,0,0,0
963,64,cf,5,2,2,1,0,0,2,2
964,61,nocf,15,0,1,0,2,0,0,0
965,64,cf,6,1,1,1,0,0,2,0
966,64,cf,7,2,2,2,0,2,2,2
967,64,cf,8,1,1,1,0,0,2,0
968,64,cf,9,2,1,1,1,2,1,2
969,64,cf,10,2,1,1,1,2,2,2
970,64,cf,11,1,2,0,2,0,2,0
971,64,cf,12,0,1,2,2,0,0,0
972,64,cf,13,1,1,1,1,2,0,0
973,64,cf,14,0,1,1,2,2,1,2
974,64,cf,15,0,1,0,2,0,0,0
975,65,nocf,1,0,0,1,0,0,0,0
976,65,nocf,2,0,0,2,0,0,0,0
977,65,nocf,3,0,1,1,0,0,0,1
978,65,nocf,4,1,4,1,0,0,0,2
979,65,nocf,5,1,2,1,0,0,2,2
980,65,nocf,6,1,1,1,0,0,2,0
981,65,nocf,7,1,2,2,0,2,2,2
982,65,nocf,8,1,1,1,0,0,2,0
983,65,nocf,9,0,1,1,1,2,1,2
984,65,nocf,10,1,1,1,1,2,2,2
985,65,nocf,11,1,2,0,2,0,2,0
986,65,nocf,12,0,1,2,2,0,0,0
987,66,nocf,1,0,0,1,0,0,0,0
988,65,nocf,13,1,1,1,1,2,0,0
989,67,cf,1,0,0,1,0,0,0,0
990,65,nocf,14,0,1,1,2,2,1,2
991,68,cf,3,2,1,1,0,0,0,1
992,66,nocf,3,0,1,1,0,0,0,1
993,66,nocf,5,0,2,1,0,0,2,2
994,69,cf,1,2,0,1,0,0,0,0
995,68,cf,5,2,2,1,0,0,2,2
996,67,cf,2,1,0,2,0,0,0,0
997,66,nocf,7,0,2,2,0,2,2,2
998,68,cf,6,1,1,1,0,0,2,0
999,69,cf,2,2,0,2,0,0,0,0
1000,68,cf,7,2,2,2,0,2,2,2
1001,67,cf,3,0,1,1,0,0,0,1
1002,69,cf,4,1,4,1,0,0,0,2
1003,66,nocf,15,0,1,0,2,0,0,0
1004,68,cf,9,2,1,1,1,2,1,2
1005,68,cf,10,2,1,1,1,2,2,2
1006,70,cf,2,0,0,2,0,0,0,0
1007,68,cf,11,2,2,0,2,0,2,0
1008,68,cf,12,0,1,2,2,0,0,0
1009,70,cf,3,0,1,1,0,0,0,1
1010,70,cf,4,1,4,1,0,0,0,2
1011,68,cf,14,2,1,1,2,2,1,2
1012,71,cf,1,2,0,1,0,0,0,0
1013,72,nocf,2,0,0,2,0,0,0,0
1014,68,cf,15,2,1,0,2,0,0,0
1015,72,nocf,3,0,1,1,0,0,0,1
1016,71,cf,2,0,0,2,0,0,0,0
1017,72,nocf,5,1,2,1,0,0,2,2
1018,70,cf,6,1,1,1,0,0,2,0
1019,69,cf,5,2,2,1,0,0,2,2
1020,72,nocf,6,1,1,1,0,0,2,0
1021,72,nocf,7,1,2,2,0,2,2,2
1022,70,cf,7,2,2,2,0,2,2,2
1023,69,cf,6,2,1,1,0,0,2,0
1024,71,cf,5,2,2,1,0,0,2,2
1025,72,nocf,10,1,1,1,1,2,2,2
1026,71,cf,6,1,1,1,0,0,2,0
1027,70,cf,8,1,1,1,0,0,2,0
1028,72,nocf,11,0,2,0,2,0,2,0
1029,69,cf,7,2,2,2,0,2,2,2
1030,72,nocf,13,1,1,1,1,2,0,0
1031,69,cf,8,0,1,1,0,0,2,0
1032,70,cf,9,0,1,1,1,2,1,2
1033,68,cf,1,2,0,1,0,0,0,0
1034,66,nocf,2,0,0,2,0,0,0,0
1035,68,cf,2,0,0,2,0,0,0,0
1036,66,nocf,4,0,4,1,0,0,0,2
1037,68,cf,4,1,4,1,0,0,0,2
1038,65,nocf,15,0,1,0,2,0,0,0
1039,66,nocf,6,0,1,1,0,0,2,0
1040,66,nocf,8,0,1,1,0,0,2,0
1041,66,nocf,9,0,1,1,1,2,1,2
1042,66,nocf,10,0,1,1,1,2,2,2
1043,69,cf,3,2,1,1,0,0,0,1
1044,66,nocf,11,0,2,0,2,0,2,0
1045,66,nocf,12,0,1,2,2,0,0,0
1046,68,cf,8,0,1,1,0,0,2,0
1047,66,nocf,13,0,1,1,1,2,0,0
1048,67,cf,4,1,4,1,0,0,0,2
1049,66,nocf,14,0,1,1,2,2,1,2
1050,70,cf,1,2,0,1,0,0,0,0
1051,68,cf,13,2,1,1,1,2,0,0
1052,72,nocf,1,0,0,1,0,0,0,0
1053,70,cf,5,1,2,1,0,0,2,2
1054,72,nocf,4,1,4,1,0,0,0,2
1055,67,cf,5,1,2,1,0,0,2,2
1056,71,cf,3,0,1,1,0,0,0,1
1057,71,cf,4,0,4,1,0,0,0,2
1058,72,nocf,8,0,1,1,0,0,2,0
1059,67,cf,6,1,1,1,0,0,2,0
1060,72,nocf,9,1,1,1,1,2,1,2
1061,67,cf,7,2,2,2,0,2,2,2
1062,73,nocf,1,0,0,1,0,0,0,0
1063,72,nocf,12,0,1,2,2,0,0,0
1064,71,cf,7,1,2,2,0,2,2,2
1065,72,nocf,14,0,1,1,2,2,1,2
1066,73,nocf,2,0,0,2,0,0,0,0
1067,70,cf,10,2,1,1,1,2,2,2
1068,67,cf,8,0,1,1,0,0,2,0
1069,69,cf,10,2,1,1,1,2,2,2
1070,70,cf,11,1,2,0,2,0,2,0
1071,69,cf,11,2,2,0,2,0,2,0
1072,73,nocf,3,0,1,1,0,0,0,1
1073,73,nocf,4,1,4,1,0,0,0,2
1074,69,cf,13,2,1,1,1,2,0,0
1075,69,cf,15,2,1,0,2,0,0,0
1076,67,cf,10,2,1,1,1,2,2,2
1077,71,cf,14,0,1,1,2,2,1,2
1078,73,nocf,6,1,1,1,0,0,2,0
1079,73,nocf,7,1,2,2,0,2,2,2
1080,72,nocf,15,0,1,0,2,0,0,0
1081,69,cf,9,2,1,1,1,2,1,2
1082,71,cf,8,0,1,1,0,0,2,0
1083,71,cf,9,0,1,1,1,2,1,2
1084,69,cf,12,2,1,2,2,0,0,0
1085,71,cf,10,2,1,1,1,2,2,2
1086,67,cf,9,0,1,1,1,2,1,2
1087,70,cf,12,2,1,2,2,0,0,0
1088,71,cf,11,1,2,0,2,0,2,0
1089,69,cf,14,2,1,1,2,2,1,2
1090,73,nocf,5,1,2,1,0,0,2,2
1091,71,cf,12,0,1,2,2,0,0,0
1092,70,cf,13,2,1,1,1,2,0,0
1093,71,cf,13,1,1,1,1,2,0,0
1094,70,cf,14,0,1,1,2,2,1,2
1095,71,cf,15,2,1,0,2,0,0,0
1096,70,cf,15,2,1,0,2,0,0,0
1097,73,nocf,8,0,1,1,0,0,2,0
1098,73,nocf,9,0,1,1,1,2,1,2
1099,73,nocf,10,1,1,1,1,2,2,2
1100,73,nocf,11,1,2,0,2,0,2,0
1101,73,nocf,12,0,1,2,2,0,0,0
1102,67,cf,13,2,1,1,1,2,0,0
1103,73,nocf,13,1,1,1,1,2,0,0
1104,67,cf,14,0,1,1,2,2,1,2
1105,74,nocf,1,1,0,1,0,0,0,0
1106,75,nocf,4,1,4,1,0,0,0,2
1107,75,nocf,5,1,2,1,0,0,2,2
1108,74,nocf,3,0,1,1,0,0,0,1
1109,74,nocf,5,1,2,1,0,0,2,2
1110,74,nocf,6,1,1,1,0,0,2,0
1111,75,nocf,7,1,2,2,0,2,2,2
1112,74,nocf,7,1,2,2,0,2,2,2
1113,74,nocf,8,0,1,1,0,0,2,0
1114,74,nocf,9,0,1,1,1,2,1,2
1115,75,nocf,9,0,1,1,1,2,1,2
1116,74,nocf,11,1,2,0,2,0,2,0
1117,75,nocf,11,1,2,0,2,0,2,0
1118,75,nocf,13,1,1,1,1,2,0,0
1119,74,nocf,15,0,1,0,2,0,0,0
1120,76,cf,4,1,4,1,0,0,0,2
1121,76,cf,5,1,2,1,0,0,2,2
1122,76,cf,6,1,1,1,0,0,2,0
1123,76,cf,7,2,2,2,0,2,2,2
1124,76,cf,8,0,1,1,0,0,2,0
1125,76,cf,9,0,1,1,1,2,1,2
1126,76,cf,13,2,1,1,1,2,0,0
1127,67,cf,11,1,2,0,2,0,2,0
1128,67,cf,12,0,1,2,2,0,0,0
1129,73,nocf,14,0,1,1,2,2,1,2
1130,73,nocf,15,0,1,0,2,0,0,0
1131,67,cf,15,1,1,0,2,0,0,0
1132,75,nocf,1,1,0,1,0,0,0,0
1133,75,nocf,2,0,0,2,0,0,0,0
1134,75,nocf,3,0,1,1,0,0,0,1
1135,74,nocf,2,1,0,2,0,0,0,0
1136,74,nocf,4,0,4,1,0,0,0,2
1137,75,nocf,6,1,1,1,0,0,2,0
1138,75,nocf,8,0,1,1,0,0,2,0
1139,74,nocf,10,1,1,1,1,2,2,2
1140,75,nocf,10,0,1,1,1,2,2,2
1141,75,nocf,12,0,1,2,2,0,0,0
1142,74,nocf,12,1,1,2,2,0,0,0
1143,74,nocf,13,1,1,1,1,2,0,0
1144,74,nocf,14,0,1,1,2,2,1,2
1145,75,nocf,14,0,1,1,2,2,1,2
1146,75,nocf,15,0,1,0,2,0,0,0
1147,76,cf,1,1,0,1,0,0,0,0
1148,76,cf,2,0,0,2,0,0,0,0
1149,76,cf,3,2,1,1,0,0,0,1
1150,76,cf,10,2,1,1,1,2,2,2
1151,76,cf,11,1,2,0,2,0,2,0
1152,76,cf,12,0,1,2,2,0,0,0
1153,76,cf,14,2,1,1,2,2,1,2
1154,77,cf,2,0,0,2,0,0,0,0
1155,77,cf,4,2,4,1,0,0,0,2
1156,77,cf,6,2,1,1,0,0,2,0
1157,78,nocf,1,1,0,1,0,0,0,0
1158,79,cf,1,0,0,1,0,0,0,0
1159,78,nocf,3,0,1,1,0,0,0,1
1160,79,cf,2,0,0,2,0,0,0,0
1161,78,nocf,4,0,4,1,0,0,0,2
1162,80,cf,3,0,1,1,0,0,0,1
1163,77,cf,10,2,1,1,1,2,2,2
1164,77,cf,11,1,2,0,2,0,2,0
1165,78,nocf,6,1,1,1,0,0,2,0
1166,79,cf,5,1,2,1,0,0,2,2
1167,77,cf,12,0,1,2,2,0,0,0
1168,79,cf,6,1,1,1,0,0,2,0
1169,77,cf,13,2,1,1,1,2,0,0
1170,78,nocf,7,1,2,2,0,2,2,2
1171,79,cf,7,1,2,2,0,2,2,2
1172,79,cf,8,0,1,1,0,0,2,0
1173,77,cf,15,0,1,0,2,0,0,0
1174,77,cf,1,2,0,1,0,0,0,0
1175,80,cf,1,2,0,1,0,0,0,0
1176,77,cf,3,2,1,1,0,0,0,1
1177,76,cf,15,1,1,0,2,0,0,0
1178,77,cf,5,2,2,1,0,0,2,2
1179,77,cf,7,1,2,2,0,2,2,2
1180,77,cf,8,0,1,1,0,0,2,0
1181,77,cf,9,2,1,1,1,2,1,2
1182,78,nocf,2,1,0,2,0,0,0,0
1183,80,cf,2,0,0,2,0,0,0,0
1184,79,cf,3,0,1,1,0,0,0,1
1185,78,nocf,5,0,2,1,0,0,2,2
1186,79,cf,4,1,4,1,0,0,0,2
1187,80,cf,4,0,4,1,0,0,0,2
1188,77,cf,14,2,1,1,2,2,1,2
1189,81,nocf,1,0,0,1,0,0,0,0
1190,81,nocf,2,0,0,2,0,0,0,0
1191,79,cf,9,0,1,1,1,2,1,2
1192,80,cf,6,1,1,1,0,0,2,0
1193,81,nocf,4,0,4,1,0,0,0,2
1194,78,nocf,9,0,1,1,1,2,1,2
1195,80,cf,7,1,2,2,0,2,2,2
1196,79,cf,11,1,2,0,2,0,2,0
1197,81,nocf,7,1,2,2,0,2,2,2
1198,79,cf,13,2,1,1,1,2,0,0
1199,81,nocf,8,0,1,1,0,0,2,0
1200,81,nocf,9,0,1,1,1,2,1,2
1201,79,cf,14,0,1,1,2,2,1,2
1202,81,nocf,10,1,1,1,1,2,2,2
1203,78,nocf,11,1,2,0,2,0,2,0
1204,80,cf,9,0,1,1,1,2,1,2
1205,81,nocf,13,1,1,1,1,2,0,0
1206,78,nocf,12,0,1,2,2,0,0,0
1207,81,nocf,15,0,1,0,2,0,0,0
1208,82,nocf,2,0,0,2,0,0,0,0
1209,83,nocf,1,1,0,1,0,0,0,0
1210,83,nocf,2,0,0,2,0,0,0,0
1211,82,nocf,4,1,4,1,0,0,0,2
1212,84,nocf,1,0,0,1,0,0,0,0
1213,78,nocf,14,0,1,1,2,2,1,2
1214,83,nocf,4,1,4,1,0,0,0,2
1215,82,nocf,6,1,1,1,0,0,2,0
1216,83,nocf,5,1,2,1,0,0,2,2
1217,80,cf,12,0,1,2,2,0,0,0
1218,84,nocf,2,0,0,2,0,0,0,0
1219,82,nocf,7,1,2,2,0,2,2,2
1220,80,cf,13,2,1,1,1,2,0,0
1221,80,cf,5,2,2,1,0,0,2,2
1222,78,nocf,8,0,1,1,0,0,2,0
1223,81,nocf,3,0,1,1,0,0,0,1
1224,79,cf,10,2,1,1,1,2,2,2
1225,81,nocf,5,1,2,1,0,0,2,2
1226,81,nocf,6,1,1,1,0,0,2,0
1227,79,cf,12,0,1,2,2,0,0,0
1228,78,nocf,10,1,1,1,1,2,2,2
1229,80,cf,8,2,1,1,0,0,2,0
1230,81,nocf,11,1,2,0,2,0,2,0
1231,81,nocf,12,0,1,2,2,0,0,0
1232,79,cf,15,2,1,0,2,0,0,0
1233,81,nocf,14,0,1,1,2,2,1,2
1234,82,nocf,1,0,0,1,0,0,0,0
1235,78,nocf,13,1,1,1,1,2,0,0
1236,80,cf,10,2,1,1,1,2,2,2
1237,82,nocf,3,0,1,1,0,0,0,1
1238,83,nocf,3,0,1,1,0,0,0,1
1239,80,cf,11,1,2,0,2,0,2,0
1240,82,nocf,5,1,2,1,0,0,2,2
1241,83,nocf,6,1,1,1,0,0,2,0
1242,83,nocf,7,1,2,2,0,2,2,2
1243,82,nocf,8,1,1,1,0,0,2,0
1244,83,nocf,8,0,1,1,0,0,2,0
1245,82,nocf,9,0,1,1,1,2,1,2
1246,84,nocf,4,1,4,1,0,0,0,2
1247,82,nocf,12,0,1,2,2,0,0,0
1248,83,nocf,13,1,1,1,1,2,0,0
1249,82,nocf,13,1,1,1,1,2,0,0
1250,84,nocf,6,1,1,1,0,0,2,0
1251,83,nocf,15,0,1,0,2,0,0,0
1252,84,nocf,9,0,1,1,1,2,1,2
1253,84,nocf,11,0,2,0,2,0,2,0
1254,84,nocf,13,1,1,1,1,2,0,0
1255,85,nocf,2,0,0,2,0,0,0,0
1256,86,nocf,1,1,0,1,0,0,0,0
1257,85,nocf,3,1,1,1,0,0,0,1
1258,86,nocf,2,1,0,2,0,0,0,0
1259,85,nocf,6,0,1,1,0,0,2,0
1260,86,nocf,3,1,1,1,0,0,0,1
1261,85,nocf,7,1,2,2,0,2,2,2
1262,86,nocf,4,1,4,1,0,0,0,2
1263,85,nocf,8,1,1,1,0,0,2,0
1264,87,cf,2,0,0,2,0,0,0,0
1265,87,cf,3,0,1,1,0,0,0,1
1266,87,cf,4,0,4,1,0,0,0,2
1267,85,nocf,9,0,1,1,1,2,1,2
1268,84,nocf,3,0,1,1,0,0,0,1
1269,80,cf,14,0,1,1,2,2,1,2
1270,83,nocf,9,1,1,1,1,2,1,2
1271,82,nocf,10,1,1,1,1,2,2,2
1272,78,nocf,15,0,1,0,2,0,0,0
1273,83,nocf,10,1,1,1,1,2,2,2
1274,82,nocf,11,1,2,0,2,0,2,0
1275,83,nocf,11,0,2,0,2,0,2,0
1276,80,cf,15,0,1,0,2,0,0,0
1277,84,nocf,5,1,2,1,0,0,2,2
1278,83,nocf,12,0,1,2,2,0,0,0
1279,83,nocf,14,1,1,1,2,2,1,2
1280,82,nocf,14,0,1,1,2,2,1,2
1281,84,nocf,7,1,2,2,0,2,2,2
1282,82,nocf,15,0,1,0,2,0,0,0
1283,84,nocf,8,0,1,1,0,0,2,0
1284,84,nocf,10,1,1,1,1,2,2,2
1285,84,nocf,12,0,1,2,2,0,0,0
1286,85,nocf,1,0,0,1,0,0,0,0
1287,84,nocf,14,0,1,1,2,2,1,2
1288,84,nocf,15,0,1,0,2,0,0,0
1289,85,nocf,4,1,4,1,0,0,0,2
1290,85,nocf,5,1,2,1,0,0,2,2
1291,87,cf,1,2,0,1,0,0,0,0
1292,86,nocf,5,0,2,1,0,0,2,2
1293,87,cf,5,2,2,1,0,0,2,2
1294,88,cf,1,0,0,1,0,0,0,0
1295,86,nocf,6,0,1,1,0,0,2,0
1296,87,cf,8,0,1,1,0,0,2,0
1297,87,cf,6,1,1,1,0,0,2,0
1298,87,cf,7,1,2,2,0,2,2,2
1299,86,nocf,7,1,2,2,0,2,2,2
1300,88,cf,2,0,0,2,0,0,0,0
1301,85,nocf,10,1,1,1,1,2,2,2
1302,86,nocf,8,0,1,1,0,0,2,0
1303,88,cf,3,0,1,1,0,0,0,1
1304,85,nocf,11,0,2,0,2,0,2,0
1305,88,cf,4,0,4,1,0,0,0,2
1306,87,cf,9,2,1,1,1,2,1,2
1307,88,cf,5,1,2,1,0,0,2,2
1308,87,cf,10,2,1,1,1,2,2,2
1309,86,nocf,9,1,1,1,1,2,1,2
1310,88,cf,6,1,1,1,0,0,2,0
1311,87,cf,11,1,2,0,2,0,2,0
1312,85,nocf,12,1,1,2,2,0,0,0
1313,88,cf,7,1,2,2,0,2,2,2
1314,87,cf,12,0,1,2,2,0,0,0
1315,88,cf,8,0,1,1,0,0,2,0
1316,87,cf,13,2,1,1,1,2,0,0
1317,88,cf,9,0,1,1,1,2,1,2
1318,85,nocf,13,0,1,1,1,2,0,0
1319,89,nocf,1,0,0,1,0,0,0,0
1320,87,cf,14,2,1,1,2,2,1,2
1321,88,cf,10,0,1,1,1,2,2,2
1322,86,nocf,10,1,1,1,1,2,2,2
1323,88,cf,11,0,2,0,2,0,2,0
1324,85,nocf,14,1,1,1,2,2,1,2
1325,88,cf,12,1,1,2,2,0,0,0
1326,87,cf,15,0,1,0,2,0,0,0
1327,88,cf,13,0,1,1,1,2,0,0
1328,86,nocf,11,0,2,0,2,0,2,0
1329,88,cf,14,0,1,1,2,2,1,2
1330,88,cf,15,0,1,0,2,0,0,0
1331,89,nocf,2,0,0,2,0,0,0,0
1332,86,nocf,12,1,1,2,2,0,0,0
1333,90,nocf,1,0,0,1,0,0,0,0
1334,85,nocf,15,1,1,0,2,0,0,0
1335,89,nocf,3,0,1,1,0,0,0,1
1336,86,nocf,13,1,1,1,1,2,0,0
1337,86,nocf,14,1,1,1,2,2,1,2
1338,89,nocf,4,1,4,1,0,0,0,2
1339,86,nocf,15,0,1,0,2,0,0,0
1340,90,nocf,2,0,0,2,0,0,0,0
1341,89,nocf,5,1,2,1,0,0,2,2
1342,89,nocf,6,1,1,1,0,0,2,0
1343,90,nocf,3,0,1,1,0,0,0,1
1344,89,nocf,7,1,2,2,0,2,2,2
1345,90,nocf,4,1,4,1,0,0,0,2
1346,89,nocf,8,0,1,1,0,0,2,0
1347,89,nocf,9,1,1,1,1,2,1,2
1348,89,nocf,10,1,1,1,1,2,2,2
1349,90,nocf,7,1,2,2,0,2,2,2
1350,89,nocf,11,1,2,0,2,0,2,0
1351,90,nocf,9,0,1,1,1,2,1,2
1352,89,nocf,13,1,1,1,1,2,0,0
1353,90,nocf,12,0,1,2,2,0,0,0
1354,91,nocf,2,0,0,2,0,0,0,0
1355,90,nocf,13,1,1,1,1,2,0,0
1356,92,cf,1,2,0,1,0,0,0,0
1357,92,cf,3,0,1,1,0,0,0,1
1358,92,cf,4,1,4,1,0,0,0,2
1359,91,nocf,9,0,1,1,1,2,1,2
1360,93,nocf,1,1,0,1,0,0,0,0
1361,92,cf,5,1,2,1,0,0,2,2
1362,91,nocf,10,1,1,1,1,2,2,2
1363,92,cf,7,2,2,2,0,2,2,2
1364,93,nocf,3,0,1,1,0,0,0,1
1365,92,cf,8,0,1,1,0,0,2,0
1366,91,nocf,14,0,1,1,2,2,1,2
1367,94,cf,4,1,4,1,0,0,0,2
1368,92,cf,10,2,1,1,1,2,2,2
1369,93,nocf,5,0,2,1,0,0,2,2
1370,94,cf,7,2,2,2,0,2,2,2
1371,93,nocf,6,1,1,1,0,0,2,0
1372,94,cf,8,2,1,1,0,0,2,0
1373,93,nocf,7,1,2,2,0,2,2,2
1374,92,cf,13,2,1,1,1,2,0,0
1375,95,nocf,1,0,0,1,0,0,0,0
1376,94,cf,10,2,1,1,1,2,2,2
1377,94,cf,11,1,2,0,2,0,2,0
1378,93,nocf,8,0,1,1,0,0,2,0
1379,93,nocf,9,0,1,1,1,2,1,2
1380,93,nocf,10,1,1,1,1,2,2,2
1381,93,nocf,11,1,2,0,2,0,2,0
1382,93,nocf,12,0,1,2,2,0,0,0
1383,93,nocf,14,0,1,1,2,2,1,2
1384,93,nocf,15,0,1,0,2,0,0,0
1385,95,nocf,6,1,1,1,0,0,2,0
1386,95,nocf,7,1,2,2,0,2,2,2
1387,95,nocf,8,0,1,1,0,0,2,0
1388,96,cf,5,1,2,1,0,0,2,2
1389,97,cf,2,2,0,2,0,0,0,0
1390,96,cf,6,1,1,1,0,0,2,0
1391,90,nocf,5,1,2,1,0,0,2,2
1392,90,nocf,6,1,1,1,0,0,2,0
1393,90,nocf,8,0,1,1,0,0,2,0
1394,90,nocf,10,1,1,1,1,2,2,2
1395,89,nocf,12,0,1,2,2,0,0,0
1396,90,nocf,11,1,2,0,2,0,2,0
1397,91,nocf,1,0,0,1,0,0,0,0
1398,89,nocf,14,0,1,1,2,2,1,2
1399,91,nocf,3,0,1,1,0,0,0,1
1400,90,nocf,14,0,1,1,2,2,1,2
1401,89,nocf,15,0,1,0,2,0,0,0
1402,91,nocf,4,1,4,1,0,0,0,2
1403,92,cf,2,0,0,2,0,0,0,0
1404,90,nocf,15,0,1,0,2,0,0,0
1405,91,nocf,5,1,2,1,0,0,2,2
1406,91,nocf,6,1,1,1,0,0,2,0
1407,91,nocf,7,1,2,2,0,2,2,2
1408,91,nocf,8,0,1,1,0,0,2,0
1409,92,cf,6,1,1,1,0,0,2,0
1410,93,nocf,2,1,0,2,0,0,0,0
1411,94,cf,1,2,0,1,0,0,0,0
1412,91,nocf,11,1,2,0,2,0,2,0
1413,91,nocf,12,0,1,2,2,0,0,0
1414,94,cf,2,2,0,2,0,0,0,0
1415,91,nocf,13,1,1,1,1,2,0,0
1416,94,cf,3,0,1,1,0,0,0,1
1417,92,cf,9,2,1,1,1,2,1,2
1418,93,nocf,4,1,4,1,0,0,0,2
1419,91,nocf,15,0,1,0,2,0,0,0
1420,94,cf,5,1,2,1,0,0,2,2
1421,94,cf,6,1,1,1,0,0,2,0
1422,92,cf,11,1,2,0,2,0,2,0
1423,94,cf,9,2,1,1,1,2,1,2
1424,92,cf,12,2,1,2,2,0,0,0
1425,92,cf,14,2,1,1,2,2,1,2
1426,94,cf,12,0,1,2,2,0,0,0
1427,92,cf,15,2,1,0,2,0,0,0
1428,95,nocf,2,0,0,2,0,0,0,0
1429,94,cf,13,2,1,1,1,2,0,0
1430,94,cf,14,2,1,1,2,2,1,2
1431,95,nocf,3,0,1,1,0,0,0,1
1432,94,cf,15,2,1,0,2,0,0,0
1433,95,nocf,4,1,4,1,0,0,0,2
1434,93,nocf,13,1,1,1,1,2,0,0
1435,96,cf,1,0,0,1,0,0,0,0
1436,95,nocf,5,1,2,1,0,0,2,2
1437,96,cf,2,0,0,2,0,0,0,0
1438,96,cf,3,0,1,1,0,0,0,1
1439,95,nocf,9,0,1,1,1,2,1,2
1440,96,cf,4,1,4,1,0,0,0,2
1441,97,cf,1,2,0,1,0,0,0,0
1442,95,nocf,10,1,1,1,1,2,2,2
1443,97,cf,3,2,1,1,0,0,0,1
1444,96,cf,7,1,2,2,0,2,2,2
1445,97,cf,6,1,1,1,0,0,2,0
1446,96,cf,8,2,1,1,0,0,2,0
1447,95,nocf,15,1,1,0,2,0,0,0
1448,97,cf,8,2,1,1,0,0,2,0
1449,96,cf,9,0,1,1,1,2,1,2
1450,97,cf,9,2,1,1,1,2,1,2
1451,96,cf,10,2,1,1,1,2,2,2
1452,97,cf,11,0,2,0,2,0,2,0
1453,96,cf,12,0,1,2,2,0,0,0
1454,98,nocf,4,1,4,1,0,0,0,2
1455,98,nocf,6,1,1,1,0,0,2,0
1456,99,nocf,2,0,0,2,0,0,0,0
1457,98,nocf,9,1,1,1,1,2,1,2
1458,99,nocf,3,0,1,1,0,0,0,1
1459,99,nocf,4,1,4,1,0,0,0,2
1460,99,nocf,7,1,2,2,0,2,2,2
1461,99,nocf,8,0,1,1,0,0,2,0
1462,98,nocf,13,1,1,1,1,2,0,0
1463,99,nocf,9,1,1,1,1,2,1,2
1464,99,nocf,11,1,2,0,2,0,2,0
1465,100,nocf,2,0,0,2,0,0,0,0
1466,98,nocf,15,0,1,0,2,0,0,0
1467,100,nocf,3,0,1,1,0,0,0,1
1468,100,nocf,5,0,2,1,0,0,2,2
1469,99,nocf,13,1,1,1,1,2,0,0
1470,100,nocf,8,1,1,1,0,0,2,0
1471,101,nocf,1,1,0,1,0,0,0,0
1472,100,nocf,9,0,1,1,1,2,1,2
1473,100,nocf,11,1,2,0,2,0,2,0
1474,101,nocf,4,1,4,1,0,0,0,2
1475,101,nocf,6,1,1,1,0,0,2,0
1476,102,cf,1,1,0,1,0,0,0,0
1477,101,nocf,8,0,1,1,0,0,2,0
1478,102,cf,2,0,0,2,0,0,0,0
1479,101,nocf,9,0,1,1,1,2,1,2
1480,103,nocf,1,0,0,1,0,0,0,0
1481,102,cf,3,2,1,1,0,0,0,1
1482,101,nocf,10,1,1,1,1,2,2,2
1483,104,cf,1,0,0,1,0,0,0,0
1484,101,nocf,11,1,2,0,2,0,2,0
1485,95,nocf,11,1,2,0,2,0,2,0
1486,95,nocf,12,0,1,2,2,0,0,0
1487,97,cf,4,1,4,1,0,0,0,2
1488,95,nocf,13,1,1,1,1,2,0,0
1489,97,cf,5,2,2,1,0,0,2,2
1490,95,nocf,14,0,1,1,2,2,1,2
1491,97,cf,7,1,2,2,0,2,2,2
1492,97,cf,10,2,1,1,1,2,2,2
1493,98,nocf,1,0,0,1,0,0,0,0
1494,98,nocf,2,0,0,2,0,0,0,0
1495,97,cf,12,0,1,2,2,0,0,0
1496,96,cf,11,1,2,0,2,0,2,0
1497,97,cf,13,2,1,1,1,2,0,0
1498,98,nocf,3,0,1,1,0,0,0,1
1499,97,cf,14,2,1,1,2,2,1,2
1500,97,cf,15,0,1,0,2,0,0,0
1501,98,nocf,5,1,2,1,0,0,2,2
1502,96,cf,13,1,1,1,1,2,0,0
1503,98,nocf,7,1,2,2,0,2,2,2
1504,96,cf,14,0,1,1,2,2,1,2
1505,98,nocf,8,0,1,1,0,0,2,0
1506,99,nocf,1,0,0,1,0,0,0,0
1507,96,cf,15,0,1,0,2,0,0,0
1508,98,nocf,10,1,1,1,1,2,2,2
1509,99,nocf,5,1,2,1,0,0,2,2
1510,99,nocf,6,1,1,1,0,0,2,0
1511,98,nocf,11,1,2,0,2,0,2,0
1512,98,nocf,12,0,1,2,2,0,0,0
1513,99,nocf,10,1,1,1,1,2,2,2
1514,100,nocf,1,0,0,1,0,0,0,0
1515,98,nocf,14,0,1,1,2,2,1,2
1516,99,nocf,12,0,1,2,2,0,0,0
1517,100,nocf,4,0,4,1,0,0,0,2
1518,100,nocf,6,1,1,1,0,0,2,0
1519,99,nocf,14,0,1,1,2,2,1,2
1520,100,nocf,7,1,2,2,0,2,2,2
1521,99,nocf,15,1,1,0,2,0,0,0
1522,100,nocf,10,1,1,1,1,2,2,2
1523,101,nocf,2,0,0,2,0,0,0,0
1524,101,nocf,3,0,1,1,0,0,0,1
1525,100,nocf,12,0,1,2,2,0,0,0
1526,100,nocf,13,1,1,1,1,2,0,0
1527,100,nocf,14,0,1,1,2,2,1,2
1528,101,nocf,5,1,2,1,0,0,2,2
1529,100,nocf,15,0,1,0,2,0,0,0
1530,101,nocf,7,1,2,2,0,2,2,2
1531,102,cf,4,1,4,1,0,0,0,2
1532,103,nocf,2,0,0,2,0,0,0,0
1533,102,cf,5,1,2,1,0,0,2,2
1534,101,nocf,12,0,1,2,2,0,0,0
1535,102,cf,6,1,1,1,0,0,2,0
1536,104,cf,3,0,1,1,0,0,0,1
1537,102,cf,7,1,2,2,0,2,2,2
1538,102,cf,8,0,1,1,0,0,2,0
1539,101,nocf,15,0,1,0,2,0,0,0
1540,104,cf,4,1,4,1,0,0,0,2
1541,102,cf,9,1,1,1,1,2,1,2
1542,102,cf,10,1,1,1,1,2,2,2
1543,102,cf,12,0,1,2,2,0,0,0
1544,103,nocf,4,1,4,1,0,0,0,2
1545,102,cf,13,1,1,1,1,2,0,0
1546,102,cf,14,0,1,1,2,2,1,2
1547,103,nocf,6,1,1,1,0,0,2,0
1548,104,cf,8,1,1,1,0,0,2,0
1549,103,nocf,7,1,2,2,0,2,2,2
1550,103,nocf,8,0,1,1,0,0,2,0
1551,103,nocf,9,0,1,1,1,2,1,2
1552,104,cf,10,0,1,1,1,2,2,2
1553,104,cf,12,0,1,2,2,0,0,0
1554,103,nocf,13,1,1,1,1,2,0,0
1555,105,nocf,2,0,0,2,0,0,0,0
1556,105,nocf,4,1,4,1,0,0,0,2
1557,105,nocf,5,1,2,1,0,0,2,2
1558,105,nocf,8,1,1,1,0,0,2,0
1559,105,nocf,10,0,1,1,1,2,2,2
1560,105,nocf,11,1,2,0,2,0,2,0
1561,105,nocf,12,0,1,2,2,0,0,0
1562,106,nocf,4,1,4,1,0,0,0,2
1563,106,nocf,7,1,2,2,0,2,2,2
1564,106,nocf,9,1,1,1,1,2,1,2
1565,107,cf,4,2,4,1,0,0,0,2
1566,107,cf,5,2,2,1,0,0,2,2
1567,107,cf,6,2,1,1,0,0,2,0
1568,107,cf,8,2,1,1,0,0,2,0
1569,107,cf,9,2,1,1,1,2,1,2
1570,107,cf,10,2,1,1,1,2,2,2
1571,107,cf,14,2,1,1,2,2,1,2
1572,106,nocf,13,0,1,1,1,2,0,0
1573,106,nocf,14,0,1,1,2,2,1,2
1574,108,nocf,1,0,0,1,0,0,0,0
1575,108,nocf,5,1,2,1,0,0,2,2
1576,108,nocf,7,1,2,2,0,2,2,2
1577,109,cf,1,0,0,1,0,0,0,0
1578,108,nocf,8,1,1,1,0,0,2,0
1579,104,cf,2,0,0,2,0,0,0,0
1580,103,nocf,3,0,1,1,0,0,0,1
1581,101,nocf,13,1,1,1,1,2,0,0
1582,101,nocf,14,0,1,1,2,2,1,2
1583,102,cf,11,0,2,0,2,0,2,0
1584,104,cf,5,1,2,1,0,0,2,2
1585,103,nocf,5,1,2,1,0,0,2,2
1586,104,cf,6,1,1,1,0,0,2,0
1587,102,cf,15,0,1,0,2,0,0,0
1588,104,cf,7,1,2,2,0,2,2,2
1589,104,cf,9,0,1,1,1,2,1,2
1590,104,cf,11,1,2,0,2,0,2,0
1591,103,nocf,10,1,1,1,1,2,2,2
1592,103,nocf,11,1,2,0,2,0,2,0
1593,103,nocf,12,0,1,2,2,0,0,0
1594,104,cf,13,1,1,1,1,2,0,0
1595,103,nocf,14,0,1,1,2,2,1,2
1596,104,cf,14,0,1,1,2,2,1,2
1597,103,nocf,15,1,1,0,2,0,0,0
1598,104,cf,15,1,1,0,2,0,0,0
1599,105,nocf,1,1,0,1,0,0,0,0
1600,105,nocf,3,0,1,1,0,0,0,1
1601,105,nocf,6,1,1,1,0,0,2,0
1602,105,nocf,7,1,2,2,0,2,2,2
1603,105,nocf,9,0,1,1,1,2,1,2
1604,105,nocf,13,1,1,1,1,2,0,0
1605,105,nocf,14,0,1,1,2,2,1,2
1606,105,nocf,15,0,1,0,2,0,0,0
1607,106,nocf,1,1,0,1,0,0,0,0
1608,106,nocf,2,0,0,2,0,0,0,0
1609,106,nocf,3,0,1,1,0,0,0,1
1610,106,nocf,5,0,2,1,0,0,2,2
1611,106,nocf,6,1,1,1,0,0,2,0
1612,106,nocf,8,0,1,1,0,0,2,0
1613,107,cf,1,2,0,1,0,0,0,0
1614,107,cf,2,2,0,2,0,0,0,0
1615,106,nocf,10,1,1,1,1,2,2,2
1616,107,cf,3,2,1,1,0,0,0,1
1617,106,nocf,11,0,2,0,2,0,2,0
1618,107,cf,7,2,2,2,0,2,2,2
1619,106,nocf,12,0,1,2,2,0,0,0
1620,107,cf,11,2,2,0,2,0,2,0
1621,107,cf,12,2,1,2,2,0,0,0
1622,107,cf,13,2,1,1,1,2,0,0
1623,107,cf,15,2,1,0,2,0,0,0
1624,106,nocf,15,0,1,0,2,0,0,0
1625,108,nocf,2,0,0,2,0,0,0,0
1626,108,nocf,3,0,1,1,0,0,0,1
1627,108,nocf,4,1,4,1,0,0,0,2
1628,108,nocf,6,1,1,1,0,0,2,0
1629,109,cf,2,0,0,2,0,0,0,0
1630,109,cf,6,1,1,1,0,0,2,0
1631,110,nocf,3,0,1,1,0,0,0,1
1632,109,cf,9,0,1,1,1,2,1,2
1633,109,cf,10,1,1,1,1,2,2,2
1634,108,nocf,11,0,2,0,2,0,2,0
1635,109,cf,11,1,2,0,2,0,2,0
1636,109,cf,12,0,1,2,2,0,0,0
1637,110,nocf,4,1,4,1,0,0,0,2
1638,110,nocf,1,0,0,1,0,0,0,0
1639,109,cf,3,0,1,1,0,0,0,1
1640,109,cf,4,1,4,1,0,0,0,2
1641,108,nocf,9,1,1,1,1,2,1,2
1642,109,cf,5,1,2,1,0,0,2,2
1643,108,nocf,10,1,1,1,1,2,2,2
1644,110,nocf,2,0,0,2,0,0,0,0
1645,109,cf,7,1,2,2,0,2,2,2
1646,109,cf,8,0,1,1,0,0,2,0
1647,108,nocf,12,0,1,2,2,0,0,0
1648,109,cf,13,1,1,1,1,2,0,0
1649,108,nocf,13,1,1,1,1,2,0,0
1650,109,cf,14,0,1,1,2,2,1,2
1651,110,nocf,5,1,2,1,0,0,2,2
1652,108,nocf,14,0,1,1,2,2,1,2
1653,109,cf,15,0,1,0,2,0,0,0
1654,108,nocf,15,0,1,0,2,0,0,0
1655,110,nocf,6,1,1,1,0,0,2,0
1656,110,nocf,7,1,2,2,0,2,2,2
1657,110,nocf,8,1,1,1,0,0,2,0
1658,110,nocf,9,0,1,1,1,2,1,2
1659,110,nocf,10,1,1,1,1,2,2,2
1660,110,nocf,11,1,2,0,2,0,2,0
1661,110,nocf,12,0,1,2,2,0,0,0
1662,110,nocf,13,1,1,1,1,2,0,0
1663,110,nocf,14,0,1,1,2,2,1,2
1664,110,nocf,15,0,1,0,2,0,0,0
1665,111,nocf,1,1,0,1,0,0,0,0
1666,111,nocf,2,1,0,2,0,0,0,0
1667,112,nocf,1,0,0,1,0,0,0,0
1668,111,nocf,3,1,1,1,0,0,0,1
1669,111,nocf,4,0,4,1,0,0,0,2
1670,111,nocf,5,0,2,1,0,0,2,2
1671,112,nocf,2,0,0,2,0,0,0,0
1672,111,nocf,6,1,1,1,0,0,2,0
1673,112,nocf,3,0,1,1,0,0,0,1
1674,112,nocf,4,1,4,1,0,0,0,2
1675,111,nocf,7,1,2,2,0,2,2,2
1676,112,nocf,5,1,2,1,0,0,2,2
1677,111,nocf,8,0,1,1,0,0,2,0
1678,112,nocf,6,1,1,1,0,0,2,0
1679,111,nocf,9,1,1,1,1,2,1,2
1680,112,nocf,7,1,2,2,0,2,2,2
1681,111,nocf,10,1,1,1,1,2,2,2
1682,111,nocf,11,0,2,0,2,0,2,0
1683,112,nocf,8,1,1,1,0,0,2,0
1684,111,nocf,12,1,1,2,2,0,0,0
1685,111,nocf,13,1,1,1,1,2,0,0
1686,112,nocf,10,1,1,1,1,2,2,2
1687,111,nocf,14,0,1,1,2,2,1,2
1688,112,nocf,11,1,2,0,2,0,2,0
1689,112,nocf,15,1,1,0,2,0,0,0
1690,113,nocf,1,0,0,1,0,0,0,0
1691,113,nocf,2,0,0,2,0,0,0,0
1692,113,nocf,3,0,1,1,0,0,0,1
1693,113,nocf,4,1,4,1,0,0,0,2
1694,114,nocf,2,0,0,2,0,0,0,0
1695,114,nocf,3,0,1,1,0,0,0,1
1696,113,nocf,7,1,2,2,0,2,2,2
1697,114,nocf,4,1,4,1,0,0,0,2
1698,113,nocf,8,0,1,1,0,0,2,0
1699,114,nocf,5,1,2,1,0,0,2,2
1700,114,nocf,6,1,1,1,0,0,2,0
1701,113,nocf,11,1,2,0,2,0,2,0
1702,114,nocf,8,0,1,1,0,0,2,0
1703,113,nocf,12,0,1,2,2,0,0,0
1704,115,cf,7,1,2,2,0,2,2,2
1705,115,cf,8,0,1,1,0,0,2,0
1706,113,nocf,13,1,1,1,1,2,0,0
1707,115,cf,9,0,1,1,1,2,1,2
1708,115,cf,11,0,2,0,2,0,2,0
1709,115,cf,13,1,1,1,1,2,0,0
1710,115,cf,14,2,1,1,2,2,1,2
1711,114,nocf,10,1,1,1,1,2,2,2
1712,115,cf,15,0,1,0,2,0,0,0
1713,116,nocf,1,0,0,1,0,0,0,0
1714,116,nocf,2,0,0,2,0,0,0,0
1715,114,nocf,11,1,2,0,2,0,2,0
1716,116,nocf,3,0,1,1,0,0,0,1
1717,116,nocf,7,0,2,2,0,2,2,2
1718,116,nocf,8,0,1,1,0,0,2,0
1719,116,nocf,9,0,1,1,1,2,1,2
1720,116,nocf,11,1,2,0,2,0,2,0
1721,116,nocf,12,1,1,2,2,0,0,0
1722,116,nocf,14,0,1,1,2,2,1,2
1723,116,nocf,15,1,1,0,2,0,0,0
1724,117,cf,1,0,0,1,0,0,0,0
1725,118,nocf,1,0,0,1,0,0,0,0
1726,117,cf,5,1,2,1,0,0,2,2
1727,117,cf,7,1,2,2,0,2,2,2
1728,118,nocf,5,1,2,1,0,0,2,2
1729,117,cf,8,1,1,1,0,0,2,0
1730,118,nocf,6,1,1,1,0,0,2,0
1731,118,nocf,7,1,2,2,0,2,2,2
1732,112,nocf,9,1,1,1,1,2,1,2
1733,111,nocf,15,0,1,0,2,0,0,0
1734,112,nocf,12,0,1,2,2,0,0,0
1735,112,nocf,13,1,1,1,1,2,0,0
1736,112,nocf,14,0,1,1,2,2,1,2
1737,114,nocf,1,0,0,1,0,0,0,0
1738,113,nocf,5,1,2,1,0,0,2,2
1739,113,nocf,6,1,1,1,0,0,2,0
1740,115,cf,1,2,0,1,0,0,0,0
1741,113,nocf,9,0,1,1,1,2,1,2
1742,115,cf,2,0,0,2,0,0,0,0
1743,115,cf,3,2,1,1,0,0,0,1
1744,113,nocf,10,1,1,1,1,2,2,2
1745,115,cf,4,1,4,1,0,0,0,2
1746,115,cf,5,1,2,1,0,0,2,2
1747,114,nocf,7,1,2,2,0,2,2,2
1748,115,cf,6,1,1,1,0,0,2,0
1749,113,nocf,14,0,1,1,2,2,1,2
1750,115,cf,10,2,1,1,1,2,2,2
1751,113,nocf,15,1,1,0,2,0,0,0
1752,115,cf,12,0,1,2,2,0,0,0
1753,114,nocf,9,0,1,1,1,2,1,2
1754,116,nocf,4,0,4,1,0,0,0,2
1755,114,nocf,12,0,1,2,2,0,0,0
1756,116,nocf,5,1,2,1,0,0,2,2
1757,116,nocf,6,1,1,1,0,0,2,0
1758,114,nocf,13,1,1,1,1,2,0,0
1759,114,nocf,14,0,1,1,2,2,1,2
1760,114,nocf,15,0,1,0,2,0,0,0
1761,116,nocf,10,0,1,1,1,2,2,2
1762,116,nocf,13,0,1,1,1,2,0,0
1763,118,nocf,2,0,0,2,0,0,0,0
1764,117,cf,2,0,0,2,0,0,0,0
1765,117,cf,3,0,1,1,0,0,0,1
1766,118,nocf,3,0,1,1,0,0,0,1
1767,117,cf,4,1,4,1,0,0,0,2
1768,117,cf,6,1,1,1,0,0,2,0
1769,118,nocf,4,1,4,1,0,0,0,2
1770,118,nocf,11,1,2,0,2,0,2,0
1771,117,cf,10,1,1,1,1,2,2,2
1772,118,nocf,14,0,1,1,2,2,1,2
1773,117,cf,11,1,2,0,2,0,2,0
1774,117,cf,15,0,1,0,2,0,0,0
1775,119,cf,2,0,0,2,0,0,0,0
1776,119,cf,5,2,2,1,0,0,2,2
1777,119,cf,6,1,1,1,0,0,2,0
1778,119,cf,7,0,2,2,0,2,2,2
1779,118,nocf,8,0,1,1,0,0,2,0
1780,118,nocf,9,0,1,1,1,2,1,2
1781,118,nocf,10,1,1,1,1,2,2,2
1782,117,cf,9,0,1,1,1,2,1,2
1783,118,nocf,12,0,1,2,2,0,0,0
1784,118,nocf,13,1,1,1,1,2,0,0
1785,118,nocf,15,0,1,0,2,0,0,0
1786,117,cf,12,0,1,2,2,0,0,0
1787,117,cf,13,1,1,1,1,2,0,0
1788,117,cf,14,0,1,1,2,2,1,2
1789,119,cf,1,0,0,1,0,0,0,0
1790,119,cf,3,0,1,1,0,0,0,1
1791,119,cf,4,0,4,1,0,0,0,2
1792,119,cf,9,0,1,1,1,2,1,2
1793,120,cf,1,1,0,1,0,0,0,0
1794,120,cf,3,0,1,1,0,0,0,1
1795,120,cf,5,2,2,1,0,0,2,2
1796,120,cf,7,1,2,2,0,2,2,2
1797,120,cf,10,2,1,1,1,2,2,2
1798,120,cf,12,0,1,2,2,0,0,0
1799,120,cf,13,1,1,1,1,2,0,0
1800,121,cf,2,0,0,2,0,0,0,0
1801,121,cf,4,1,4,1,0,0,0,2
1802,121,cf,5,1,2,1,0,0,2,2
1803,121,cf,7,1,2,2,0,2,2,2
1804,121,cf,9,0,1,1,1,2,1,2
1805,121,cf,10,1,1,1,1,2,2,2
1806,121,cf,11,1,2,0,2,0,2,0
1807,121,cf,13,1,1,1,1,2,0,0
1808,121,cf,15,1,1,0,2,0,0,0
1809,119,cf,8,0,1,1,0,0,2,0
1810,119,cf,10,1,1,1,1,2,2,2
1811,119,cf,11,1,2,0,2,0,2,0
1812,119,cf,12,0,1,2,2,0,0,0
1813,119,cf,13,1,1,1,1,2,0,0
1814,119,cf,14,0,1,1,2,2,1,2
1815,119,cf,15,0,1,0,2,0,0,0
1816,120,cf,2,0,0,2,0,0,0,0
1817,120,cf,4,1,4,1,0,0,0,2
1818,120,cf,6,1,1,1,0,0,2,0
1819,120,cf,8,0,1,1,0,0,2,0
1820,120,cf,9,2,1,1,1,2,1,2
1821,120,cf,11,1,2,0,2,0,2,0
1822,120,cf,14,0,1,1,2,2,1,2
1823,120,cf,15,0,1,0,2,0,0,0
1824,121,cf,1,0,0,1,0,0,0,0
1825,121,cf,3,0,1,1,0,0,0,1
1826,121,cf,6,1,1,1,0,0,2,0
1827,121,cf,8,0,1,1,0,0,2,0
1828,121,cf,12,0,1,2,2,0,0,0
1829,121,cf,14,0,1,1,2,2,1,2
